player_a,player_b,a_best_maps,b_best_maps,contested_maps,a_weak_maps,a_signature_civs,b_signature_civs,civ_overlap,elo_edge,upset_probability
ACCM,BacT,Arabia;Megarandom;Mixed;Mediterranean,Islands;Hill Fort,,Atacama;Coast Arena,Japanese(4g 25%);Cumans(3g 100%);Sicilians(3g 67%),Ethiopians(3g 33%);Khmer(3g 67%);Gurjaras(3g 33%),Berbers;Britons;Bulgarians;Burgundians;Celts;Cumans;Ethiopians;Franks;Goths;Incas;Italians;Khmer;Magyars;Malay;Persians;Slavs;Teutons;Turks;Vikings,BacT +214,0.207
ACCM,Barles,Arabia;Megarandom;Mixed;Mediterranean,Cliffbound;Ghost Lake;Atacama,,Atacama;Coast Arena,Japanese(4g 25%);Cumans(3g 100%);Sicilians(3g 67%),Vietnamese(4g 0%);Malians(4g 50%);Aztecs(4g 25%),Berbers;Britons;Bulgarians;Burgundians;Byzantines;Celts;Cumans;Dravidians;Ethiopians;Goths;Incas;Italians;Japanese;Khmer;Lithuanians;Magyars;Mongols;Slavs;Spanish;Teutons;Turks;Vikings,Barles +295,0.207
ACCM,Capoch,Arabia;Megarandom;Mixed;Mediterranean,Team Islands;Steppe,,Atacama;Coast Arena,Japanese(4g 25%);Cumans(3g 100%);Sicilians(3g 67%),Franks(5g 0%);Lithuanians(4g 25%);Indians(4g 25%),Bulgarians;Burgundians;Byzantines;Cumans;Dravidians;Ethiopians;Franks;Goths;Italians;Japanese;Lithuanians;Malay;Mongols;Persians;Sicilians;Slavs;Teutons;Turks;Vikings,Capoch +111,0.3092
ACCM,DauT,Arabia;Megarandom;Mixed;Mediterranean,Serengeti;Mixed;Gold Rush;Arabia,Arabia;Mixed,Atacama;Coast Arena,Japanese(4g 25%);Cumans(3g 100%);Sicilians(3g 67%),Bulgarians(3g 33%);Byzantines(3g 100%);Magyars(3g 67%),Berbers;Britons;Bulgarians;Burgundians;Byzantines;Cumans;Dravidians;Franks;Goths;Incas;Italians;Japanese;Khmer;Lithuanians;Magyars;Mongols;Sicilians;Slavs;Spanish;Teutons;Turks,DauT +187,0.3092
ACCM,Hera,Arabia;Megarandom;Mixed;Mediterranean,Team Islands;Serengeti;Valley;Mixed;Ghost Lake,Mixed,Atacama;Coast Arena,Japanese(4g 25%);Cumans(3g 100%);Sicilians(3g 67%),Ethiopians(5g 80%);Lithuanians(4g 75%);Huns(4g 75%),Berbers;Britons;Byzantines;Celts;Cumans;Dravidians;Ethiopians;Goths;Incas;Italians;Japanese;Khmer;Lithuanians;Magyars;Malay;Mongols;Persians;Sicilians;Spanish;Teutons;Turks;Vikings,Hera +183,0.3092
ACCM,Liereyy,Arabia;Megarandom;Mixed;Mediterranean,Coast Arena;Gold Rush;Arabia,Arabia,Atacama;Coast Arena,Japanese(4g 25%);Cumans(3g 100%);Sicilians(3g 67%),Saracens(4g 75%);Ethiopians(3g 100%);Vietnamese(2g 50%),Berbers;Britons;Bulgarians;Byzantines;Cumans;Dravidians;Ethiopians;Franks;Goths;Incas;Italians;Khmer;Magyars;Mongols;Sicilians;Slavs;Teutons;Vikings,Liereyy +133,0.3092
ACCM,Mangonel,Arabia;Megarandom;Mixed;Mediterranean,Atacama;Hill Fort;Islands;Serengeti,,Atacama;Coast Arena,Japanese(4g 25%);Cumans(3g 100%);Sicilians(3g 67%),Mongols(6g 50%);Vikings(4g 75%);Malay(4g 75%),Berbers;Britons;Bulgarians;Burgundians;Celts;Ethiopians;Franks;Goths;Incas;Japanese;Khmer;Magyars;Malay;Mongols;Sicilians;Slavs;Spanish;Turks;Vikings,Mangonel +236,0.207
ACCM,Mbla,Arabia;Megarandom;Mixed;Mediterranean,Coast Arena;Islands;Wade;Team Islands,,Atacama;Coast Arena,Japanese(4g 25%);Cumans(3g 100%);Sicilians(3g 67%),Japanese(4g 25%);Britons(3g 33%);Malay(3g 33%),Berbers;Britons;Bulgarians;Ethiopians;Franks;Goths;Incas;Japanese;Khmer;Lithuanians;Magyars;Malay;Mongols;Persians;Sicilians;Slavs;Spanish;Teutons;Vikings,Mbla +157,0.3092
ACCM,Mr_Yo,Arabia;Megarandom;Mixed;Mediterranean,Mixed;Hideout;Arabia;Meadow;Acropolis,Arabia;Mixed,Atacama;Coast Arena,Japanese(4g 25%);Cumans(3g 100%);Sicilians(3g 67%),Burgundians(4g 50%);Spanish(3g 33%);Bulgarians(3g 100%),Berbers;Britons;Bulgarians;Burgundians;Byzantines;Celts;Cumans;Dravidians;Ethiopians;Franks;Incas;Italians;Japanese;Lithuanians;Magyars;Malay;Mongols;Slavs;Spanish;Teutons;Vikings,Mr_Yo +75,0.3968
ACCM,Nicov,Arabia;Megarandom;Mixed;Mediterranean,Coast Arena;Mediterranean;Gold Rush;Megarandom;Hideout,Megarandom;Mediterranean,Atacama;Coast Arena,Japanese(4g 25%);Cumans(3g 100%);Sicilians(3g 67%),Ethiopians(3g 0%);Persians(3g 33%);Italians(3g 0%),Berbers;Britons;Bulgarians;Burgundians;Celts;Dravidians;Ethiopians;Franks;Goths;Incas;Italians;Japanese;Lithuanians;Magyars;Malay;Mongols;Persians;Slavs;Teutons;Turks;Vikings,Nicov +17,0.4808
ACCM,Pete,Arabia;Megarandom;Mixed;Mediterranean,Atacama;Megarandom;Team Islands,Megarandom,Atacama;Coast Arena,Japanese(4g 25%);Cumans(3g 100%);Sicilians(3g 67%),Gurjaras(5g 0%);Aztecs(4g 25%);Japanese(4g 25%),Berbers;Britons;Bulgarians;Burgundians;Byzantines;Celts;Cumans;Ethiopians;Franks;Goths;Incas;Italians;Japanese;Khmer;Lithuanians;Malay;Mongols;Persians;Sicilians;Slavs;Teutons;Turks;Vikings,Pete +273,0.207
ACCM,Sitaux,Arabia;Megarandom;Mixed;Mediterranean,Hill Fort;Serengeti;Atacama;Coast Arena,,Atacama;Coast Arena,Japanese(4g 25%);Cumans(3g 100%);Sicilians(3g 67%),Berbers(4g 50%);Byzantines(3g 33%);Japanese(3g 33%),Berbers;Britons;Bulgarians;Byzantines;Celts;Franks;Goths;Incas;Italians;Japanese;Khmer;Lithuanians;Magyars;Malay;Mongols;Persians;Sicilians;Slavs;Spanish;Teutons;Turks;Vikings,Sitaux +118,0.3092
ACCM,Spring,Arabia;Megarandom;Mixed;Mediterranean,Islands;Meadow;Arabia;Wade;Atacama,Arabia,Atacama;Coast Arena,Japanese(4g 25%);Cumans(3g 100%);Sicilians(3g 67%),Aztecs(5g 20%);Bulgarians(5g 20%);Koreans(4g 50%),Britons;Bulgarians;Burgundians;Byzantines;Celts;Cumans;Dravidians;Ethiopians;Franks;Goths;Incas;Italians;Khmer;Lithuanians;Magyars;Malay;Mongols;Persians;Slavs;Spanish;Turks;Vikings,Spring +201,0.207
ACCM,TaToH,Arabia;Megarandom;Mixed;Mediterranean,Team Islands;Gold Rush;Arabia;Wade;Meadow,Arabia,Atacama;Coast Arena,Japanese(4g 25%);Cumans(3g 100%);Sicilians(3g 67%),Slavs(5g 60%);Khmer(5g 80%);Japanese(5g 40%),Britons;Burgundians;Byzantines;Celts;Dravidians;Ethiopians;Franks;Incas;Italians;Japanese;Khmer;Magyars;Malay;Mongols;Persians;Slavs;Spanish;Turks;Vikings,TaToH +71,0.3968
ACCM,TheMax,Arabia;Megarandom;Mixed;Mediterranean,Acropolis;Islands;Gold Rush;Mediterranean;Cup,Mediterranean,Atacama;Coast Arena,Japanese(4g 25%);Cumans(3g 100%);Sicilians(3g 67%),Franks(5g 100%);Gurjaras(4g 50%);Lithuanians(4g 75%),Berbers;Britons;Burgundians;Byzantines;Celts;Cumans;Ethiopians;Franks;Goths;Incas;Italians;Japanese;Khmer;Lithuanians;Magyars;Malay;Mongols;Slavs;Spanish;Teutons;Turks;Vikings,ACCM +19,0.4808
ACCM,TheViper,Arabia;Megarandom;Mixed;Mediterranean,Islands;Cup;Megarandom;Meadow;Hill Fort,Megarandom,Atacama;Coast Arena,Japanese(4g 25%);Cumans(3g 100%);Sicilians(3g 67%),Persians(4g 75%);Khmer(4g 100%);Bulgarians(4g 75%),Berbers;Britons;Bulgarians;Burgundians;Celts;Cumans;Ethiopians;Goths;Incas;Italians;Japanese;Khmer;Lithuanians;Magyars;Malay;Mongols;Persians;Teutons;Turks,TheViper +188,0.3092
ACCM,Valas,Arabia;Megarandom;Mixed;Mediterranean,Valley;Team Islands;Mediterranean;Steppe;Megarandom,Megarandom;Mediterranean,Atacama;Coast Arena,Japanese(4g 25%);Cumans(3g 100%);Sicilians(3g 67%),Malians(3g 33%);Tatars(3g 0%);Huns(3g 33%),Britons;Ethiopians;Franks;Goths;Incas;Italians;Japanese;Khmer;Lithuanians;Malay;Mongols;Sicilians;Slavs;Spanish;Teutons;Turks;Vikings,Valas +209,0.207
ACCM,Villese,Arabia;Megarandom;Mixed;Mediterranean,Cliffbound;Islands;Megarandom;Atacama,Megarandom,Atacama;Coast Arena,Japanese(4g 25%);Cumans(3g 100%);Sicilians(3g 67%),Huns(4g 25%);Khmer(3g 33%);Malay(3g 33%),Berbers;Bulgarians;Burgundians;Byzantines;Cumans;Dravidians;Ethiopians;Italians;Japanese;Khmer;Magyars;Malay;Mongols;Persians;Sicilians;Slavs;Spanish;Teutons;Turks;Vikings,Villese +173,0.3092
ACCM,Vinchester,Arabia;Megarandom;Mixed;Mediterranean,Coast Arena;Cliffbound,,Atacama;Coast Arena,Japanese(4g 25%);Cumans(3g 100%);Sicilians(3g 67%),Huns(4g 75%);Vikings(3g 33%);Malians(3g 33%),Berbers;Burgundians;Byzantines;Cumans;Franks;Italians;Magyars;Slavs;Spanish;Teutons;Turks;Vikings,Vinchester +76,0.3968
BacT,Barles,Islands;Hill Fort,Cliffbound;Ghost Lake;Atacama,,Ghost Lake;Atacama,Ethiopians(3g 33%);Khmer(3g 67%);Gurjaras(3g 33%),Vietnamese(4g 0%);Malians(4g 50%);Aztecs(4g 25%),Aztecs;Berbers;Britons;Bulgarians;Burgundians;Celts;Chinese;Cumans;Ethiopians;Goths;Gurjaras;Incas;Italians;Khmer;Magyars;Portuguese;Saracens;Slavs;Tatars;Teutons;Turks;Vietnamese;Vikings,Barles +81,0.3968
BacT,Capoch,Islands;Hill Fort,Team Islands;Steppe,,Ghost Lake;Atacama,Ethiopians(3g 33%);Khmer(3g 67%);Gurjaras(3g 33%),Franks(5g 0%);Lithuanians(4g 25%);Indians(4g 25%),Aztecs;Bulgarians;Burgundians;Cumans;Ethiopians;Franks;Goths;Gurjaras;Italians;Koreans;Malay;Persians;Poles;Portuguese;Saracens;Slavs;Teutons;Turks;Vietnamese;Vikings,BacT +103,0.3092
BacT,DauT,Islands;Hill Fort,Serengeti;Mixed;Gold Rush;Arabia,,Ghost Lake;Atacama,Ethiopians(3g 33%);Khmer(3g 67%);Gurjaras(3g 33%),Bulgarians(3g 33%);Byzantines(3g 100%);Magyars(3g 67%),Berbers;Britons;Bulgarians;Burgundians;Chinese;Cumans;Franks;Goths;Incas;Italians;Khmer;Koreans;Magyars;Poles;Portuguese;Slavs;Tatars;Teutons;Turks;Vietnamese,BacT +26,0.4499
BacT,Hera,Islands;Hill Fort,Team Islands;Serengeti;Valley;Mixed;Ghost Lake,,Ghost Lake;Atacama,Ethiopians(3g 33%);Khmer(3g 67%);Gurjaras(3g 33%),Ethiopians(5g 80%);Lithuanians(4g 75%);Huns(4g 75%),Aztecs;Berbers;Britons;Celts;Chinese;Cumans;Ethiopians;Goths;Gurjaras;Huns;Incas;Italians;Khmer;Magyars;Malay;Persians;Poles;Portuguese;Saracens;Tatars;Teutons;Turks;Vietnamese;Vikings,BacT +31,0.4499
BacT,Liereyy,Islands;Hill Fort,Coast Arena;Gold Rush;Arabia,,Ghost Lake;Atacama,Ethiopians(3g 33%);Khmer(3g 67%);Gurjaras(3g 33%),Saracens(4g 75%);Ethiopians(3g 100%);Vietnamese(2g 50%),Aztecs;Berbers;Britons;Bulgarians;Cumans;Ethiopians;Franks;Goths;Gurjaras;Huns;Incas;Italians;Khmer;Koreans;Magyars;Poles;Saracens;Slavs;Tatars;Teutons;Vietnamese;Vikings,BacT +81,0.3968
BacT,Mangonel,Islands;Hill Fort,Atacama;Hill Fort;Islands;Serengeti,Islands;Hill Fort,Ghost Lake;Atacama,Ethiopians(3g 33%);Khmer(3g 67%);Gurjaras(3g 33%),Mongols(6g 50%);Vikings(4g 75%);Malay(4g 75%),Aztecs;Berbers;Britons;Bulgarians;Burgundians;Celts;Chinese;Ethiopians;Franks;Goths;Gurjaras;Huns;Incas;Khmer;Koreans;Magyars;Malay;Mayans;Poles;Portuguese;Saracens;Slavs;Tatars;Turks;Vietnamese;Vikings,Mangonel +22,0.4808
BacT,Mbla,Islands;Hill Fort,Coast Arena;Islands;Wade;Team Islands,Islands,Ghost Lake;Atacama,Ethiopians(3g 33%);Khmer(3g 67%);Gurjaras(3g 33%),Japanese(4g 25%);Britons(3g 33%);Malay(3g 33%),Aztecs;Berbers;Britons;Bulgarians;Chinese;Ethiopians;Franks;Goths;Gurjaras;Huns;Incas;Khmer;Magyars;Malay;Mayans;Persians;Poles;Portuguese;Saracens;Slavs;Tatars;Teutons;Vietnamese;Vikings,BacT +57,0.3968
BacT,Mr_Yo,Islands;Hill Fort,Mixed;Hideout;Arabia;Meadow;Acropolis,,Ghost Lake;Atacama,Ethiopians(3g 33%);Khmer(3g 67%);Gurjaras(3g 33%),Burgundians(4g 50%);Spanish(3g 33%);Bulgarians(3g 100%),Aztecs;Berbers;Britons;Bulgarians;Burgundians;Celts;Chinese;Cumans;Ethiopians;Franks;Gurjaras;Huns;Incas;Italians;Koreans;Magyars;Malay;Mayans;Poles;Saracens;Slavs;Tatars;Teutons;Vikings,BacT +138,0.3092
BacT,Nicov,Islands;Hill Fort,Coast Arena;Mediterranean;Gold Rush;Megarandom;Hideout,,Ghost Lake;Atacama,Ethiopians(3g 33%);Khmer(3g 67%);Gurjaras(3g 33%),Ethiopians(3g 0%);Persians(3g 33%);Italians(3g 0%),Berbers;Britons;Bulgarians;Burgundians;Celts;Chinese;Ethiopians;Franks;Goths;Gurjaras;Incas;Italians;Koreans;Magyars;Malay;Mayans;Persians;Portuguese;Saracens;Slavs;Tatars;Teutons;Turks;Vietnamese;Vikings,BacT +197,0.3092
BacT,Pete,Islands;Hill Fort,Atacama;Megarandom;Team Islands,,Ghost Lake;Atacama,Ethiopians(3g 33%);Khmer(3g 67%);Gurjaras(3g 33%),Gurjaras(5g 0%);Aztecs(4g 25%);Japanese(4g 25%),Aztecs;Berbers;Britons;Bulgarians;Burgundians;Celts;Chinese;Cumans;Ethiopians;Franks;Goths;Gurjaras;Huns;Incas;Italians;Khmer;Malay;Persians;Saracens;Slavs;Tatars;Teutons;Turks;Vietnamese;Vikings,Pete +60,0.3968
BacT,Sitaux,Islands;Hill Fort,Hill Fort;Serengeti;Atacama;Coast Arena,Hill Fort,Ghost Lake;Atacama,Ethiopians(3g 33%);Khmer(3g 67%);Gurjaras(3g 33%),Berbers(4g 50%);Byzantines(3g 33%);Japanese(3g 33%),Aztecs;Berbers;Britons;Bulgarians;Celts;Chinese;Franks;Goths;Incas;Italians;Khmer;Koreans;Magyars;Malay;Mayans;Persians;Poles;Saracens;Slavs;Teutons;Turks;Vikings,BacT +95,0.3968
BacT,Spring,Islands;Hill Fort,Islands;Meadow;Arabia;Wade;Atacama,Islands,Ghost Lake;Atacama,Ethiopians(3g 33%);Khmer(3g 67%);Gurjaras(3g 33%),Aztecs(5g 20%);Bulgarians(5g 20%);Koreans(4g 50%),Aztecs;Britons;Bulgarians;Burgundians;Celts;Chinese;Cumans;Ethiopians;Franks;Goths;Huns;Incas;Italians;Khmer;Koreans;Magyars;Malay;Mayans;Persians;Portuguese;Saracens;Slavs;Tatars;Turks;Vietnamese;Vikings,BacT +12,0.4808
BacT,TaToH,Islands;Hill Fort,Team Islands;Gold Rush;Arabia;Wade;Meadow,,Ghost Lake;Atacama,Ethiopians(3g 33%);Khmer(3g 67%);Gurjaras(3g 33%),Slavs(5g 60%);Khmer(5g 80%);Japanese(5g 40%),Britons;Burgundians;Celts;Chinese;Ethiopians;Franks;Gurjaras;Huns;Incas;Italians;Khmer;Koreans;Magyars;Malay;Mayans;Persians;Poles;Portuguese;Slavs;Turks;Vietnamese;Vikings,BacT +143,0.3092
BacT,TheMax,Islands;Hill Fort,Acropolis;Islands;Gold Rush;Mediterranean;Cup,Islands,Ghost Lake;Atacama,Ethiopians(3g 33%);Khmer(3g 67%);Gurjaras(3g 33%),Franks(5g 100%);Gurjaras(4g 50%);Lithuanians(4g 75%),Aztecs;Berbers;Britons;Burgundians;Celts;Chinese;Cumans;Ethiopians;Franks;Goths;Gurjaras;Huns;Incas;Italians;Khmer;Magyars;Malay;Mayans;Portuguese;Slavs;Teutons;Turks;Vietnamese;Vikings,BacT +233,0.207
BacT,TheViper,Islands;Hill Fort,Islands;Cup;Megarandom;Meadow;Hill Fort,Islands;Hill Fort,Ghost Lake;Atacama,Ethiopians(3g 33%);Khmer(3g 67%);Gurjaras(3g 33%),Persians(4g 75%);Khmer(4g 100%);Bulgarians(4g 75%),Aztecs;Berbers;Britons;Bulgarians;Burgundians;Celts;Chinese;Cumans;Ethiopians;Goths;Gurjaras;Huns;Incas;Italians;Khmer;Koreans;Magyars;Malay;Mayans;Persians;Poles;Saracens;Tatars;Teutons;Turks,BacT +26,0.4499
BacT,Valas,Islands;Hill Fort,Valley;Team Islands;Mediterranean;Steppe;Megarandom,,Ghost Lake;Atacama,Ethiopians(3g 33%);Khmer(3g 67%);Gurjaras(3g 33%),Malians(3g 33%);Tatars(3g 0%);Huns(3g 33%),Aztecs;Britons;Chinese;Ethiopians;Franks;Goths;Gurjaras;Huns;Incas;Italians;Khmer;Koreans;Malay;Poles;Portuguese;Saracens;Slavs;Tatars;Teutons;Turks;Vikings,BacT +4,0.4808
BacT,Villese,Islands;Hill Fort,Cliffbound;Islands;Megarandom;Atacama,Islands,Ghost Lake;Atacama,Ethiopians(3g 33%);Khmer(3g 67%);Gurjaras(3g 33%),Huns(4g 25%);Khmer(3g 33%);Malay(3g 33%),Berbers;Bulgarians;Burgundians;Chinese;Cumans;Ethiopians;Gurjaras;Huns;Italians;Khmer;Koreans;Magyars;Malay;Mayans;Persians;Poles;Portuguese;Saracens;Slavs;Teutons;Turks;Vietnamese;Vikings,BacT +41,0.4499
BacT,Vinchester,Islands;Hill Fort,Coast Arena;Cliffbound,,Ghost Lake;Atacama,Ethiopians(3g 33%);Khmer(3g 67%);Gurjaras(3g 33%),Huns(4g 75%);Vikings(3g 33%);Malians(3g 33%),Berbers;Burgundians;Chinese;Cumans;Franks;Gurjaras;Huns;Italians;Magyars;Mayans;Poles;Portuguese;Saracens;Slavs;Tatars;Teutons;Turks;Vietnamese;Vikings,BacT +138,0.3092
Barles,Capoch,Cliffbound;Ghost Lake;Atacama,Team Islands;Steppe,,Coast Arena;Serengeti,Vietnamese(4g 0%);Malians(4g 50%);Aztecs(4g 25%),Franks(5g 0%);Lithuanians(4g 25%);Indians(4g 25%),Aztecs;Bulgarians;Burgundians;Byzantines;Cumans;Dravidians;Ethiopians;Goths;Gurjaras;Indians;Italians;Japanese;Lithuanians;Mongols;Portuguese;Saracens;Slavs;Teutons;Turks;Vietnamese;Vikings,Barles +184,0.3092
Barles,DauT,Cliffbound;Ghost Lake;Atacama,Serengeti;Mixed;Gold Rush;Arabia,,Coast Arena;Serengeti,Vietnamese(4g 0%);Malians(4g 50%);Aztecs(4g 25%),Bulgarians(3g 33%);Byzantines(3g 100%);Magyars(3g 67%),Berbers;Britons;Bulgarians;Burgundians;Byzantines;Chinese;Cumans;Dravidians;Goths;Incas;Indians;Italians;Japanese;Khmer;Lithuanians;Magyars;Malians;Mongols;Portuguese;Slavs;Spanish;Tatars;Teutons;Turks;Vietnamese,Barles +108,0.3092
Barles,Hera,Cliffbound;Ghost Lake;Atacama,Team Islands;Serengeti;Valley;Mixed;Ghost Lake,Ghost Lake,Coast Arena;Serengeti,Vietnamese(4g 0%);Malians(4g 50%);Aztecs(4g 25%),Ethiopians(5g 80%);Lithuanians(4g 75%);Huns(4g 75%),Aztecs;Berbers;Britons;Byzantines;Celts;Chinese;Cumans;Dravidians;Ethiopians;Goths;Gurjaras;Incas;Indians;Italians;Japanese;Khmer;Lithuanians;Magyars;Malians;Mongols;Portuguese;Saracens;Spanish;Tatars;Teutons;Turks;Vietnamese;Vikings,Barles +112,0.3092
Barles,Liereyy,Cliffbound;Ghost Lake;Atacama,Coast Arena;Gold Rush;Arabia,,Coast Arena;Serengeti,Vietnamese(4g 0%);Malians(4g 50%);Aztecs(4g 25%),Saracens(4g 75%);Ethiopians(3g 100%);Vietnamese(2g 50%),Aztecs;Berbers;Britons;Bulgarians;Byzantines;Cumans;Dravidians;Ethiopians;Goths;Gurjaras;Incas;Indians;Italians;Khmer;Magyars;Malians;Mongols;Saracens;Slavs;Tatars;Teutons;Vietnamese;Vikings,Barles +162,0.3092
Barles,Mangonel,Cliffbound;Ghost Lake;Atacama,Atacama;Hill Fort;Islands;Serengeti,Atacama,Coast Arena;Serengeti,Vietnamese(4g 0%);Malians(4g 50%);Aztecs(4g 25%),Mongols(6g 50%);Vikings(4g 75%);Malay(4g 75%),Aztecs;Berbers;Britons;Bulgarians;Burgundians;Celts;Chinese;Ethiopians;Goths;Gurjaras;Incas;Indians;Japanese;Khmer;Magyars;Malians;Mongols;Portuguese;Saracens;Slavs;Spanish;Tatars;Turks;Vietnamese;Vikings,Barles +59,0.3968
Barles,Mbla,Cliffbound;Ghost Lake;Atacama,Coast Arena;Islands;Wade;Team Islands,,Coast Arena;Serengeti,Vietnamese(4g 0%);Malians(4g 50%);Aztecs(4g 25%),Japanese(4g 25%);Britons(3g 33%);Malay(3g 33%),Aztecs;Berbers;Britons;Bulgarians;Chinese;Ethiopians;Goths;Gurjaras;Incas;Indians;Japanese;Khmer;Lithuanians;Magyars;Malians;Mongols;Portuguese;Saracens;Slavs;Spanish;Tatars;Teutons;Vietnamese;Vikings,Barles +138,0.3092
Barles,Mr_Yo,Cliffbound;Ghost Lake;Atacama,Mixed;Hideout;Arabia;Meadow;Acropolis,,Coast Arena;Serengeti,Vietnamese(4g 0%);Malians(4g 50%);Aztecs(4g 25%),Burgundians(4g 50%);Spanish(3g 33%);Bulgarians(3g 100%),Aztecs;Berbers;Britons;Bulgarians;Burgundians;Byzantines;Celts;Chinese;Cumans;Dravidians;Ethiopians;Gurjaras;Incas;Indians;Italians;Japanese;Lithuanians;Magyars;Malians;Mongols;Saracens;Slavs;Spanish;Tatars;Teutons;Vikings,Barles +219,0.207
Barles,Nicov,Cliffbound;Ghost Lake;Atacama,Coast Arena;Mediterranean;Gold Rush;Megarandom;Hideout,,Coast Arena;Serengeti,Vietnamese(4g 0%);Malians(4g 50%);Aztecs(4g 25%),Ethiopians(3g 0%);Persians(3g 33%);Italians(3g 0%),Berbers;Britons;Bulgarians;Burgundians;Celts;Chinese;Dravidians;Ethiopians;Goths;Gurjaras;Incas;Indians;Italians;Japanese;Lithuanians;Magyars;Malians;Mongols;Portuguese;Saracens;Slavs;Tatars;Teutons;Turks;Vietnamese;Vikings,Barles +278,0.207
Barles,Pete,Cliffbound;Ghost Lake;Atacama,Atacama;Megarandom;Team Islands,Atacama,Coast Arena;Serengeti,Vietnamese(4g 0%);Malians(4g 50%);Aztecs(4g 25%),Gurjaras(5g 0%);Aztecs(4g 25%);Japanese(4g 25%),Aztecs;Berbers;Britons;Bulgarians;Burgundians;Byzantines;Celts;Chinese;Cumans;Ethiopians;Goths;Gurjaras;Incas;Indians;Italians;Japanese;Khmer;Lithuanians;Malians;Mongols;Saracens;Slavs;Tatars;Teutons;Turks;Vietnamese;Vikings,Barles +21,0.4808
Barles,Sitaux,Cliffbound;Ghost Lake;Atacama,Hill Fort;Serengeti;Atacama;Coast Arena,Atacama,Coast Arena;Serengeti,Vietnamese(4g 0%);Malians(4g 50%);Aztecs(4g 25%),Berbers(4g 50%);Byzantines(3g 33%);Japanese(3g 33%),Aztecs;Berbers;Britons;Bulgarians;Byzantines;Celts;Chinese;Goths;Incas;Indians;Italians;Japanese;Khmer;Lithuanians;Magyars;Malians;Mongols;Saracens;Slavs;Spanish;Teutons;Turks;Vikings,Barles +176,0.3092
Barles,Spring,Cliffbound;Ghost Lake;Atacama,Islands;Meadow;Arabia;Wade;Atacama,Atacama,Coast Arena;Serengeti,Vietnamese(4g 0%);Malians(4g 50%);Aztecs(4g 25%),Aztecs(5g 20%);Bulgarians(5g 20%);Koreans(4g 50%),Aztecs;Britons;Bulgarians;Burgundians;Byzantines;Celts;Chinese;Cumans;Dravidians;Ethiopians;Goths;Incas;Italians;Khmer;Lithuanians;Magyars;Malians;Mongols;Portuguese;Saracens;Slavs;Spanish;Tatars;Turks;Vietnamese;Vikings,Barles +94,0.3968
Barles,TaToH,Cliffbound;Ghost Lake;Atacama,Team Islands;Gold Rush;Arabia;Wade;Meadow,,Coast Arena;Serengeti,Vietnamese(4g 0%);Malians(4g 50%);Aztecs(4g 25%),Slavs(5g 60%);Khmer(5g 80%);Japanese(5g 40%),Britons;Burgundians;Byzantines;Celts;Chinese;Dravidians;Ethiopians;Gurjaras;Incas;Italians;Japanese;Khmer;Magyars;Malians;Mongols;Portuguese;Slavs;Spanish;Turks;Vietnamese;Vikings,Barles +224,0.207
Barles,TheMax,Cliffbound;Ghost Lake;Atacama,Acropolis;Islands;Gold Rush;Mediterranean;Cup,,Coast Arena;Serengeti,Vietnamese(4g 0%);Malians(4g 50%);Aztecs(4g 25%),Franks(5g 100%);Gurjaras(4g 50%);Lithuanians(4g 75%),Aztecs;Berbers;Britons;Burgundians;Byzantines;Celts;Chinese;Cumans;Ethiopians;Goths;Gurjaras;Incas;Italians;Japanese;Khmer;Lithuanians;Magyars;Mongols;Portuguese;Slavs;Spanish;Teutons;Turks;Vietnamese;Vikings,Barles +314,0.207
Barles,TheViper,Cliffbound;Ghost Lake;Atacama,Islands;Cup;Megarandom;Meadow;Hill Fort,,Coast Arena;Serengeti,Vietnamese(4g 0%);Malians(4g 50%);Aztecs(4g 25%),Persians(4g 75%);Khmer(4g 100%);Bulgarians(4g 75%),Aztecs;Berbers;Britons;Bulgarians;Burgundians;Celts;Chinese;Cumans;Ethiopians;Goths;Gurjaras;Incas;Indians;Italians;Japanese;Khmer;Lithuanians;Magyars;Malians;Mongols;Saracens;Tatars;Teutons;Turks,Barles +107,0.3092
Barles,Valas,Cliffbound;Ghost Lake;Atacama,Valley;Team Islands;Mediterranean;Steppe;Megarandom,,Coast Arena;Serengeti,Vietnamese(4g 0%);Malians(4g 50%);Aztecs(4g 25%),Malians(3g 33%);Tatars(3g 0%);Huns(3g 33%),Aztecs;Britons;Chinese;Ethiopians;Goths;Gurjaras;Incas;Italians;Japanese;Khmer;Lithuanians;Malians;Mongols;Portuguese;Saracens;Slavs;Spanish;Tatars;Teutons;Turks;Vikings,Barles +85,0.3968
Barles,Villese,Cliffbound;Ghost Lake;Atacama,Cliffbound;Islands;Megarandom;Atacama,Cliffbound;Atacama,Coast Arena;Serengeti,Vietnamese(4g 0%);Malians(4g 50%);Aztecs(4g 25%),Huns(4g 25%);Khmer(3g 33%);Malay(3g 33%),Berbers;Bulgarians;Burgundians;Byzantines;Chinese;Cumans;Dravidians;Ethiopians;Gurjaras;Indians;Italians;Japanese;Khmer;Magyars;Malians;Mongols;Portuguese;Saracens;Slavs;Spanish;Teutons;Turks;Vietnamese;Vikings,Barles +122,0.3092
Barles,Vinchester,Cliffbound;Ghost Lake;Atacama,Coast Arena;Cliffbound,Cliffbound,Coast Arena;Serengeti,Vietnamese(4g 0%);Malians(4g 50%);Aztecs(4g 25%),Huns(4g 75%);Vikings(3g 33%);Malians(3g 33%),Berbers;Burgundians;Byzantines;Chinese;Cumans;Gurjaras;Italians;Magyars;Malians;Portuguese;Saracens;Slavs;Spanish;Tatars;Teutons;Turks;Vietnamese;Vikings,Barles +219,0.207
Capoch,DauT,Team Islands;Steppe,Serengeti;Mixed;Gold Rush;Arabia,,Hideout;Mixed,Franks(5g 0%);Lithuanians(4g 25%);Indians(4g 25%),Bulgarians(3g 33%);Byzantines(3g 100%);Magyars(3g 67%),Bulgarians;Burgundians;Byzantines;Cumans;Dravidians;Franks;Goths;Indians;Italians;Japanese;Koreans;Lithuanians;Mongols;Poles;Portuguese;Sicilians;Slavs;Teutons;Turks;Vietnamese,DauT +76,0.3968
Capoch,Hera,Team Islands;Steppe,Team Islands;Serengeti;Valley;Mixed;Ghost Lake,Team Islands,Hideout;Mixed,Franks(5g 0%);Lithuanians(4g 25%);Indians(4g 25%),Ethiopians(5g 80%);Lithuanians(4g 75%);Huns(4g 75%),Aztecs;Byzantines;Cumans;Dravidians;Ethiopians;Goths;Gurjaras;Indians;Italians;Japanese;Lithuanians;Malay;Mongols;Persians;Poles;Portuguese;Saracens;Sicilians;Teutons;Turks;Vietnamese;Vikings,Hera +72,0.3968
Capoch,Liereyy,Team Islands;Steppe,Coast Arena;Gold Rush;Arabia,,Hideout;Mixed,Franks(5g 0%);Lithuanians(4g 25%);Indians(4g 25%),Saracens(4g 75%);Ethiopians(3g 100%);Vietnamese(2g 50%),Aztecs;Bulgarians;Byzantines;Cumans;Dravidians;Ethiopians;Franks;Goths;Gurjaras;Indians;Italians;Koreans;Mongols;Poles;Saracens;Sicilians;Slavs;Teutons;Vietnamese;Vikings,Liereyy +22,0.4808
Capoch,Mangonel,Team Islands;Steppe,Atacama;Hill Fort;Islands;Serengeti,,Hideout;Mixed,Franks(5g 0%);Lithuanians(4g 25%);Indians(4g 25%),Mongols(6g 50%);Vikings(4g 75%);Malay(4g 75%),Aztecs;Bulgarians;Burgundians;Ethiopians;Franks;Goths;Gurjaras;Indians;Japanese;Koreans;Malay;Mongols;Poles;Portuguese;Saracens;Sicilians;Slavs;Turks;Vietnamese;Vikings,Mangonel +125,0.3092
Capoch,Mbla,Team Islands;Steppe,Coast Arena;Islands;Wade;Team Islands,Team Islands,Hideout;Mixed,Franks(5g 0%);Lithuanians(4g 25%);Indians(4g 25%),Japanese(4g 25%);Britons(3g 33%);Malay(3g 33%),Aztecs;Bulgarians;Ethiopians;Franks;Goths;Gurjaras;Indians;Japanese;Lithuanians;Malay;Mongols;Persians;Poles;Portuguese;Saracens;Sicilians;Slavs;Teutons;Vietnamese;Vikings,Mbla +46,0.4499
Capoch,Mr_Yo,Team Islands;Steppe,Mixed;Hideout;Arabia;Meadow;Acropolis,,Hideout;Mixed,Franks(5g 0%);Lithuanians(4g 25%);Indians(4g 25%),Burgundians(4g 50%);Spanish(3g 33%);Bulgarians(3g 100%),Aztecs;Bulgarians;Burgundians;Byzantines;Cumans;Dravidians;Ethiopians;Franks;Gurjaras;Indians;Italians;Japanese;Koreans;Lithuanians;Malay;Mongols;Poles;Saracens;Slavs;Teutons;Vikings,Capoch +36,0.4499
Capoch,Nicov,Team Islands;Steppe,Coast Arena;Mediterranean;Gold Rush;Megarandom;Hideout,,Hideout;Mixed,Franks(5g 0%);Lithuanians(4g 25%);Indians(4g 25%),Ethiopians(3g 0%);Persians(3g 33%);Italians(3g 0%),Bulgarians;Burgundians;Dravidians;Ethiopians;Franks;Goths;Gurjaras;Indians;Italians;Japanese;Koreans;Lithuanians;Malay;Mongols;Persians;Portuguese;Saracens;Slavs;Teutons;Turks;Vietnamese;Vikings,Capoch +94,0.3968
Capoch,Pete,Team Islands;Steppe,Atacama;Megarandom;Team Islands,Team Islands,Hideout;Mixed,Franks(5g 0%);Lithuanians(4g 25%);Indians(4g 25%),Gurjaras(5g 0%);Aztecs(4g 25%);Japanese(4g 25%),Aztecs;Bulgarians;Burgundians;Byzantines;Cumans;Ethiopians;Franks;Goths;Gurjaras;Indians;Italians;Japanese;Lithuanians;Malay;Mongols;Persians;Saracens;Sicilians;Slavs;Teutons;Turks;Vietnamese;Vikings,Pete +162,0.3092
Capoch,Sitaux,Team Islands;Steppe,Hill Fort;Serengeti;Atacama;Coast Arena,,Hideout;Mixed,Franks(5g 0%);Lithuanians(4g 25%);Indians(4g 25%),Berbers(4g 50%);Byzantines(3g 33%);Japanese(3g 33%),Aztecs;Bulgarians;Byzantines;Franks;Goths;Indians;Italians;Japanese;Koreans;Lithuanians;Malay;Mongols;Persians;Poles;Saracens;Sicilians;Slavs;Teutons;Turks;Vikings,Sitaux +8,0.4808
Capoch,Spring,Team Islands;Steppe,Islands;Meadow;Arabia;Wade;Atacama,,Hideout;Mixed,Franks(5g 0%);Lithuanians(4g 25%);Indians(4g 25%),Aztecs(5g 20%);Bulgarians(5g 20%);Koreans(4g 50%),Aztecs;Bulgarians;Burgundians;Byzantines;Cumans;Dravidians;Ethiopians;Franks;Goths;Italians;Koreans;Lithuanians;Malay;Mongols;Persians;Portuguese;Saracens;Slavs;Turks;Vietnamese;Vikings,Spring +90,0.3968
Capoch,TaToH,Team Islands;Steppe,Team Islands;Gold Rush;Arabia;Wade;Meadow,Team Islands,Hideout;Mixed,Franks(5g 0%);Lithuanians(4g 25%);Indians(4g 25%),Slavs(5g 60%);Khmer(5g 80%);Japanese(5g 40%),Burgundians;Byzantines;Dravidians;Ethiopians;Franks;Gurjaras;Italians;Japanese;Koreans;Malay;Mongols;Persians;Poles;Portuguese;Slavs;Turks;Vietnamese;Vikings,Capoch +40,0.4499
Capoch,TheMax,Team Islands;Steppe,Acropolis;Islands;Gold Rush;Mediterranean;Cup,,Hideout;Mixed,Franks(5g 0%);Lithuanians(4g 25%);Indians(4g 25%),Franks(5g 100%);Gurjaras(4g 50%);Lithuanians(4g 75%),Aztecs;Burgundians;Byzantines;Cumans;Ethiopians;Franks;Goths;Gurjaras;Italians;Japanese;Lithuanians;Malay;Mongols;Portuguese;Slavs;Teutons;Turks;Vietnamese;Vikings,Capoch +130,0.3092
Capoch,TheViper,Team Islands;Steppe,Islands;Cup;Megarandom;Meadow;Hill Fort,,Hideout;Mixed,Franks(5g 0%);Lithuanians(4g 25%);Indians(4g 25%),Persians(4g 75%);Khmer(4g 100%);Bulgarians(4g 75%),Aztecs;Bulgarians;Burgundians;Cumans;Ethiopians;Goths;Gurjaras;Indians;Italians;Japanese;Koreans;Lithuanians;Malay;Mongols;Persians;Poles;Saracens;Teutons;Turks,TheViper +77,0.3968
Capoch,Valas,Team Islands;Steppe,Valley;Team Islands;Mediterranean;Steppe;Megarandom,Team Islands;Steppe,Hideout;Mixed,Franks(5g 0%);Lithuanians(4g 25%);Indians(4g 25%),Malians(3g 33%);Tatars(3g 0%);Huns(3g 33%),Aztecs;Ethiopians;Franks;Goths;Gurjaras;Italians;Japanese;Koreans;Lithuanians;Malay;Mongols;Poles;Portuguese;Saracens;Sicilians;Slavs;Teutons;Turks;Vikings,Valas +98,0.3968
Capoch,Villese,Team Islands;Steppe,Cliffbound;Islands;Megarandom;Atacama,,Hideout;Mixed,Franks(5g 0%);Lithuanians(4g 25%);Indians(4g 25%),Huns(4g 25%);Khmer(3g 33%);Malay(3g 33%),Bulgarians;Burgundians;Byzantines;Cumans;Dravidians;Ethiopians;Gurjaras;Indians;Italians;Japanese;Koreans;Malay;Mongols;Persians;Poles;Portuguese;Saracens;Sicilians;Slavs;Teutons;Turks;Vietnamese;Vikings,Villese +62,0.3968
Capoch,Vinchester,Team Islands;Steppe,Coast Arena;Cliffbound,,Hideout;Mixed,Franks(5g 0%);Lithuanians(4g 25%);Indians(4g 25%),Huns(4g 75%);Vikings(3g 33%);Malians(3g 33%),Burgundians;Byzantines;Cumans;Franks;Gurjaras;Italians;Poles;Portuguese;Saracens;Slavs;Teutons;Turks;Vietnamese;Vikings,Capoch +35,0.4499
DauT,Hera,Serengeti;Mixed;Gold Rush;Arabia,Team Islands;Serengeti;Valley;Mixed;Ghost Lake,Serengeti;Mixed,Coast Arena;Mediterranean;Team Islands,Bulgarians(3g 33%);Byzantines(3g 100%);Magyars(3g 67%),Ethiopians(5g 80%);Lithuanians(4g 75%);Huns(4g 75%),Berbers;Britons;Byzantines;Chinese;Cumans;Dravidians;Goths;Incas;Indians;Italians;Japanese;Khmer;Lithuanians;Magyars;Malians;Mongols;Poles;Portuguese;Sicilians;Spanish;Tatars;Teutons;Turks;Vietnamese,DauT +4,0.4808
DauT,Liereyy,Serengeti;Mixed;Gold Rush;Arabia,Coast Arena;Gold Rush;Arabia,Gold Rush;Arabia,Coast Arena;Mediterranean;Team Islands,Bulgarians(3g 33%);Byzantines(3g 100%);Magyars(3g 67%),Saracens(4g 75%);Ethiopians(3g 100%);Vietnamese(2g 50%),Berbers;Britons;Bulgarians;Byzantines;Cumans;Dravidians;Franks;Goths;Incas;Indians;Italians;Khmer;Koreans;Magyars;Malians;Mongols;Poles;Sicilians;Slavs;Tatars;Teutons;Vietnamese,DauT +54,0.3968
DauT,Mangonel,Serengeti;Mixed;Gold Rush;Arabia,Atacama;Hill Fort;Islands;Serengeti,Serengeti,Coast Arena;Mediterranean;Team Islands,Bulgarians(3g 33%);Byzantines(3g 100%);Magyars(3g 67%),Mongols(6g 50%);Vikings(4g 75%);Malay(4g 75%),Berbers;Britons;Bulgarians;Burgundians;Chinese;Franks;Goths;Incas;Indians;Japanese;Khmer;Koreans;Magyars;Malians;Mongols;Poles;Portuguese;Sicilians;Slavs;Spanish;Tatars;Turks;Vietnamese,Mangonel +48,0.4499
DauT,Mbla,Serengeti;Mixed;Gold Rush;Arabia,Coast Arena;Islands;Wade;Team Islands,,Coast Arena;Mediterranean;Team Islands,Bulgarians(3g 33%);Byzantines(3g 100%);Magyars(3g 67%),Japanese(4g 25%);Britons(3g 33%);Malay(3g 33%),Berbers;Britons;Bulgarians;Chinese;Franks;Goths;Incas;Indians;Japanese;Khmer;Lithuanians;Magyars;Malians;Mongols;Poles;Portuguese;Sicilians;Slavs;Spanish;Tatars;Teutons;Vietnamese,DauT +30,0.4499
DauT,Mr_Yo,Serengeti;Mixed;Gold Rush;Arabia,Mixed;Hideout;Arabia;Meadow;Acropolis,Mixed;Arabia,Coast Arena;Mediterranean;Team Islands,Bulgarians(3g 33%);Byzantines(3g 100%);Magyars(3g 67%),Burgundians(4g 50%);Spanish(3g 33%);Bulgarians(3g 100%),Berbers;Britons;Bulgarians;Burgundians;Byzantines;Chinese;Cumans;Dravidians;Franks;Incas;Indians;Italians;Japanese;Koreans;Lithuanians;Magyars;Malians;Mongols;Poles;Slavs;Spanish;Tatars;Teutons,DauT +112,0.3092
DauT,Nicov,Serengeti;Mixed;Gold Rush;Arabia,Coast Arena;Mediterranean;Gold Rush;Megarandom;Hideout,Gold Rush,Coast Arena;Mediterranean;Team Islands,Bulgarians(3g 33%);Byzantines(3g 100%);Magyars(3g 67%),Ethiopians(3g 0%);Persians(3g 33%);Italians(3g 0%),Berbers;Britons;Bulgarians;Burgundians;Chinese;Dravidians;Franks;Goths;Incas;Indians;Italians;Japanese;Koreans;Lithuanians;Magyars;Malians;Mongols;Portuguese;Slavs;Tatars;Teutons;Turks;Vietnamese,DauT +170,0.3092
DauT,Pete,Serengeti;Mixed;Gold Rush;Arabia,Atacama;Megarandom;Team Islands,,Coast Arena;Mediterranean;Team Islands,Bulgarians(3g 33%);Byzantines(3g 100%);Magyars(3g 67%),Gurjaras(5g 0%);Aztecs(4g 25%);Japanese(4g 25%),Berbers;Britons;Bulgarians;Burgundians;Byzantines;Chinese;Cumans;Franks;Goths;Incas;Indians;Italians;Japanese;Khmer;Lithuanians;Malians;Mongols;Sicilians;Slavs;Tatars;Teutons;Turks;Vietnamese,Pete +86,0.3968
DauT,Sitaux,Serengeti;Mixed;Gold Rush;Arabia,Hill Fort;Serengeti;Atacama;Coast Arena,Serengeti,Coast Arena;Mediterranean;Team Islands,Bulgarians(3g 33%);Byzantines(3g 100%);Magyars(3g 67%),Berbers(4g 50%);Byzantines(3g 33%);Japanese(3g 33%),Berbers;Britons;Bulgarians;Byzantines;Chinese;Franks;Goths;Incas;Indians;Italians;Japanese;Khmer;Koreans;Lithuanians;Magyars;Malians;Mongols;Poles;Sicilians;Slavs;Spanish;Teutons;Turks,DauT +69,0.3968
DauT,Spring,Serengeti;Mixed;Gold Rush;Arabia,Islands;Meadow;Arabia;Wade;Atacama,Arabia,Coast Arena;Mediterranean;Team Islands,Bulgarians(3g 33%);Byzantines(3g 100%);Magyars(3g 67%),Aztecs(5g 20%);Bulgarians(5g 20%);Koreans(4g 50%),Britons;Bulgarians;Burgundians;Byzantines;Chinese;Cumans;Dravidians;Franks;Goths;Incas;Italians;Khmer;Koreans;Lithuanians;Magyars;Malians;Mongols;Portuguese;Slavs;Spanish;Tatars;Turks;Vietnamese,Spring +14,0.4808
DauT,TaToH,Serengeti;Mixed;Gold Rush;Arabia,Team Islands;Gold Rush;Arabia;Wade;Meadow,Gold Rush;Arabia,Coast Arena;Mediterranean;Team Islands,Bulgarians(3g 33%);Byzantines(3g 100%);Magyars(3g 67%),Slavs(5g 60%);Khmer(5g 80%);Japanese(5g 40%),Britons;Burgundians;Byzantines;Chinese;Dravidians;Franks;Incas;Italians;Japanese;Khmer;Koreans;Magyars;Malians;Mongols;Poles;Portuguese;Slavs;Spanish;Turks;Vietnamese,DauT +116,0.3092
DauT,TheMax,Serengeti;Mixed;Gold Rush;Arabia,Acropolis;Islands;Gold Rush;Mediterranean;Cup,Gold Rush,Coast Arena;Mediterranean;Team Islands,Bulgarians(3g 33%);Byzantines(3g 100%);Magyars(3g 67%),Franks(5g 100%);Gurjaras(4g 50%);Lithuanians(4g 75%),Berbers;Britons;Burgundians;Byzantines;Chinese;Cumans;Franks;Goths;Incas;Italians;Japanese;Khmer;Lithuanians;Magyars;Mongols;Portuguese;Slavs;Spanish;Teutons;Turks;Vietnamese,DauT +206,0.207
DauT,TheViper,Serengeti;Mixed;Gold Rush;Arabia,Islands;Cup;Megarandom;Meadow;Hill Fort,,Coast Arena;Mediterranean;Team Islands,Bulgarians(3g 33%);Byzantines(3g 100%);Magyars(3g 67%),Persians(4g 75%);Khmer(4g 100%);Bulgarians(4g 75%),Berbers;Britons;Bulgarians;Burgundians;Chinese;Cumans;Goths;Incas;Indians;Italians;Japanese;Khmer;Koreans;Lithuanians;Magyars;Malians;Mongols;Poles;Tatars;Teutons;Turks,TheViper +1,0.4808
DauT,Valas,Serengeti;Mixed;Gold Rush;Arabia,Valley;Team Islands;Mediterranean;Steppe;Megarandom,,Coast Arena;Mediterranean;Team Islands,Bulgarians(3g 33%);Byzantines(3g 100%);Magyars(3g 67%),Malians(3g 33%);Tatars(3g 0%);Huns(3g 33%),Britons;Chinese;Franks;Goths;Incas;Italians;Japanese;Khmer;Koreans;Lithuanians;Malians;Mongols;Poles;Portuguese;Sicilians;Slavs;Spanish;Tatars;Teutons;Turks,Valas +22,0.4808
DauT,Villese,Serengeti;Mixed;Gold Rush;Arabia,Cliffbound;Islands;Megarandom;Atacama,,Coast Arena;Mediterranean;Team Islands,Bulgarians(3g 33%);Byzantines(3g 100%);Magyars(3g 67%),Huns(4g 25%);Khmer(3g 33%);Malay(3g 33%),Berbers;Bulgarians;Burgundians;Byzantines;Chinese;Cumans;Dravidians;Indians;Italians;Japanese;Khmer;Koreans;Magyars;Malians;Mongols;Poles;Portuguese;Sicilians;Slavs;Spanish;Teutons;Turks;Vietnamese,DauT +14,0.4808
DauT,Vinchester,Serengeti;Mixed;Gold Rush;Arabia,Coast Arena;Cliffbound,,Coast Arena;Mediterranean;Team Islands,Bulgarians(3g 33%);Byzantines(3g 100%);Magyars(3g 67%),Huns(4g 75%);Vikings(3g 33%);Malians(3g 33%),Berbers;Burgundians;Byzantines;Chinese;Cumans;Franks;Italians;Magyars;Malians;Poles;Portuguese;Slavs;Spanish;Tatars;Teutons;Turks;Vietnamese,DauT +111,0.3092
Hera,Liereyy,Team Islands;Serengeti;Valley;Mixed;Ghost Lake,Coast Arena;Gold Rush;Arabia,,Hill Fort;Wade;Acropolis;Hideout;Meadow,Ethiopians(5g 80%);Lithuanians(4g 75%);Huns(4g 75%),Saracens(4g 75%);Ethiopians(3g 100%);Vietnamese(2g 50%),Aztecs;Berbers;Britons;Byzantines;Cumans;Dravidians;Ethiopians;Goths;Gurjaras;Huns;Incas;Indians;Italians;Khmer;Magyars;Malians;Mongols;Poles;Saracens;Sicilians;Tatars;Teutons;Vietnamese;Vikings,Hera +50,0.4499
Hera,Mangonel,Team Islands;Serengeti;Valley;Mixed;Ghost Lake,Atacama;Hill Fort;Islands;Serengeti,Serengeti,Hill Fort;Wade;Acropolis;Hideout;Meadow,Ethiopians(5g 80%);Lithuanians(4g 75%);Huns(4g 75%),Mongols(6g 50%);Vikings(4g 75%);Malay(4g 75%),Aztecs;Berbers;Britons;Celts;Chinese;Ethiopians;Goths;Gurjaras;Huns;Incas;Indians;Japanese;Khmer;Magyars;Malay;Malians;Mongols;Poles;Portuguese;Saracens;Sicilians;Spanish;Tatars;Turks;Vietnamese;Vikings,Mangonel +53,0.3968
Hera,Mbla,Team Islands;Serengeti;Valley;Mixed;Ghost Lake,Coast Arena;Islands;Wade;Team Islands,Team Islands,Hill Fort;Wade;Acropolis;Hideout;Meadow,Ethiopians(5g 80%);Lithuanians(4g 75%);Huns(4g 75%),Japanese(4g 25%);Britons(3g 33%);Malay(3g 33%),Aztecs;Berbers;Britons;Chinese;Ethiopians;Goths;Gurjaras;Huns;Incas;Indians;Japanese;Khmer;Lithuanians;Magyars;Malay;Malians;Mongols;Persians;Poles;Portuguese;Saracens;Sicilians;Spanish;Tatars;Teutons;Vietnamese;Vikings,Hera +26,0.4499
Hera,Mr_Yo,Team Islands;Serengeti;Valley;Mixed;Ghost Lake,Mixed;Hideout;Arabia;Meadow;Acropolis,Mixed,Hill Fort;Wade;Acropolis;Hideout;Meadow,Ethiopians(5g 80%);Lithuanians(4g 75%);Huns(4g 75%),Burgundians(4g 50%);Spanish(3g 33%);Bulgarians(3g 100%),Aztecs;Berbers;Britons;Byzantines;Celts;Chinese;Cumans;Dravidians;Ethiopians;Gurjaras;Huns;Incas;Indians;Italians;Japanese;Lithuanians;Magyars;Malay;Malians;Mongols;Poles;Saracens;Spanish;Tatars;Teutons;Vikings,Hera +107,0.3092
Hera,Nicov,Team Islands;Serengeti;Valley;Mixed;Ghost Lake,Coast Arena;Mediterranean;Gold Rush;Megarandom;Hideout,,Hill Fort;Wade;Acropolis;Hideout;Meadow,Ethiopians(5g 80%);Lithuanians(4g 75%);Huns(4g 75%),Ethiopians(3g 0%);Persians(3g 33%);Italians(3g 0%),Berbers;Britons;Celts;Chinese;Dravidians;Ethiopians;Goths;Gurjaras;Incas;Indians;Italians;Japanese;Lithuanians;Magyars;Malay;Malians;Mongols;Persians;Portuguese;Saracens;Tatars;Teutons;Turks;Vietnamese;Vikings,Hera +166,0.3092
Hera,Pete,Team Islands;Serengeti;Valley;Mixed;Ghost Lake,Atacama;Megarandom;Team Islands,Team Islands,Hill Fort;Wade;Acropolis;Hideout;Meadow,Ethiopians(5g 80%);Lithuanians(4g 75%);Huns(4g 75%),Gurjaras(5g 0%);Aztecs(4g 25%);Japanese(4g 25%),Aztecs;Berbers;Britons;Byzantines;Celts;Chinese;Cumans;Ethiopians;Goths;Gurjaras;Huns;Incas;Indians;Italians;Japanese;Khmer;Lithuanians;Malay;Malians;Mongols;Persians;Saracens;Sicilians;Tatars;Teutons;Turks;Vietnamese;Vikings,Pete +91,0.3968
Hera,Sitaux,Team Islands;Serengeti;Valley;Mixed;Ghost Lake,Hill Fort;Serengeti;Atacama;Coast Arena,Serengeti,Hill Fort;Wade;Acropolis;Hideout;Meadow,Ethiopians(5g 80%);Lithuanians(4g 75%);Huns(4g 75%),Berbers(4g 50%);Byzantines(3g 33%);Japanese(3g 33%),Aztecs;Berbers;Britons;Byzantines;Celts;Chinese;Goths;Incas;Indians;Italians;Japanese;Khmer;Lithuanians;Magyars;Malay;Malians;Mongols;Persians;Poles;Saracens;Sicilians;Spanish;Teutons;Turks;Vikings,Hera +64,0.3968
Hera,Spring,Team Islands;Serengeti;Valley;Mixed;Ghost Lake,Islands;Meadow;Arabia;Wade;Atacama,,Hill Fort;Wade;Acropolis;Hideout;Meadow,Ethiopians(5g 80%);Lithuanians(4g 75%);Huns(4g 75%),Aztecs(5g 20%);Bulgarians(5g 20%);Koreans(4g 50%),Aztecs;Britons;Byzantines;Celts;Chinese;Cumans;Dravidians;Ethiopians;Goths;Huns;Incas;Italians;Khmer;Lithuanians;Magyars;Malay;Malians;Mongols;Persians;Portuguese;Saracens;Spanish;Tatars;Turks;Vietnamese;Vikings,Spring +18,0.4808
Hera,TaToH,Team Islands;Serengeti;Valley;Mixed;Ghost Lake,Team Islands;Gold Rush;Arabia;Wade;Meadow,Team Islands,Hill Fort;Wade;Acropolis;Hideout;Meadow,Ethiopians(5g 80%);Lithuanians(4g 75%);Huns(4g 75%),Slavs(5g 60%);Khmer(5g 80%);Japanese(5g 40%),Britons;Byzantines;Celts;Chinese;Dravidians;Ethiopians;Gurjaras;Huns;Incas;Italians;Japanese;Khmer;Magyars;Malay;Malians;Mongols;Persians;Poles;Portuguese;Spanish;Turks;Vietnamese;Vikings,Hera +112,0.3092
Hera,TheMax,Team Islands;Serengeti;Valley;Mixed;Ghost Lake,Acropolis;Islands;Gold Rush;Mediterranean;Cup,,Hill Fort;Wade;Acropolis;Hideout;Meadow,Ethiopians(5g 80%);Lithuanians(4g 75%);Huns(4g 75%),Franks(5g 100%);Gurjaras(4g 50%);Lithuanians(4g 75%),Aztecs;Berbers;Britons;Byzantines;Celts;Chinese;Cumans;Ethiopians;Goths;Gurjaras;Huns;Incas;Italians;Japanese;Khmer;Lithuanians;Magyars;Malay;Mongols;Portuguese;Spanish;Teutons;Turks;Vietnamese;Vikings,Hera +202,0.207
Hera,TheViper,Team Islands;Serengeti;Valley;Mixed;Ghost Lake,Islands;Cup;Megarandom;Meadow;Hill Fort,,Hill Fort;Wade;Acropolis;Hideout;Meadow,Ethiopians(5g 80%);Lithuanians(4g 75%);Huns(4g 75%),Persians(4g 75%);Khmer(4g 100%);Bulgarians(4g 75%),Aztecs;Berbers;Britons;Celts;Chinese;Cumans;Ethiopians;Goths;Gurjaras;Huns;Incas;Indians;Italians;Japanese;Khmer;Lithuanians;Magyars;Malay;Malians;Mongols;Persians;Poles;Saracens;Tatars;Teutons;Turks,TheViper +5,0.4808
Hera,Valas,Team Islands;Serengeti;Valley;Mixed;Ghost Lake,Valley;Team Islands;Mediterranean;Steppe;Megarandom,Team Islands;Valley,Hill Fort;Wade;Acropolis;Hideout;Meadow,Ethiopians(5g 80%);Lithuanians(4g 75%);Huns(4g 75%),Malians(3g 33%);Tatars(3g 0%);Huns(3g 33%),Aztecs;Britons;Chinese;Ethiopians;Goths;Gurjaras;Huns;Incas;Italians;Japanese;Khmer;Lithuanians;Malay;Malians;Mongols;Poles;Portuguese;Saracens;Sicilians;Spanish;Tatars;Teutons;Turks;Vikings,Valas +26,0.4499
Hera,Villese,Team Islands;Serengeti;Valley;Mixed;Ghost Lake,Cliffbound;Islands;Megarandom;Atacama,,Hill Fort;Wade;Acropolis;Hideout;Meadow,Ethiopians(5g 80%);Lithuanians(4g 75%);Huns(4g 75%),Huns(4g 25%);Khmer(3g 33%);Malay(3g 33%),Berbers;Byzantines;Chinese;Cumans;Dravidians;Ethiopians;Gurjaras;Huns;Indians;Italians;Japanese;Khmer;Magyars;Malay;Malians;Mongols;Persians;Poles;Portuguese;Saracens;Sicilians;Spanish;Teutons;Turks;Vietnamese;Vikings,Hera +10,0.4808
Hera,Vinchester,Team Islands;Serengeti;Valley;Mixed;Ghost Lake,Coast Arena;Cliffbound,,Hill Fort;Wade;Acropolis;Hideout;Meadow,Ethiopians(5g 80%);Lithuanians(4g 75%);Huns(4g 75%),Huns(4g 75%);Vikings(3g 33%);Malians(3g 33%),Berbers;Byzantines;Chinese;Cumans;Gurjaras;Huns;Italians;Magyars;Malians;Poles;Portuguese;Saracens;Spanish;Tatars;Teutons;Turks;Vietnamese;Vikings,Hera +107,0.3092
Liereyy,Mangonel,Coast Arena;Gold Rush;Arabia,Atacama;Hill Fort;Islands;Serengeti,,Atacama;Team Islands,Saracens(4g 75%);Ethiopians(3g 100%);Vietnamese(2g 50%),Mongols(6g 50%);Vikings(4g 75%);Malay(4g 75%),Aztecs;Berbers;Britons;Bulgarians;Ethiopians;Franks;Goths;Gurjaras;Huns;Incas;Indians;Khmer;Koreans;Magyars;Malians;Mongols;Poles;Saracens;Sicilians;Slavs;Tatars;Vietnamese;Vikings,Mangonel +103,0.3092
Liereyy,Mbla,Coast Arena;Gold Rush;Arabia,Coast Arena;Islands;Wade;Team Islands,Coast Arena,Atacama;Team Islands,Saracens(4g 75%);Ethiopians(3g 100%);Vietnamese(2g 50%),Japanese(4g 25%);Britons(3g 33%);Malay(3g 33%),Aztecs;Berbers;Britons;Bulgarians;Ethiopians;Franks;Goths;Gurjaras;Huns;Incas;Indians;Khmer;Magyars;Malians;Mongols;Poles;Saracens;Sicilians;Slavs;Tatars;Teutons;Vietnamese;Vikings,Mbla +24,0.4808
Liereyy,Mr_Yo,Coast Arena;Gold Rush;Arabia,Mixed;Hideout;Arabia;Meadow;Acropolis,Arabia,Atacama;Team Islands,Saracens(4g 75%);Ethiopians(3g 100%);Vietnamese(2g 50%),Burgundians(4g 50%);Spanish(3g 33%);Bulgarians(3g 100%),Aztecs;Berbers;Britons;Bulgarians;Byzantines;Cumans;Dravidians;Ethiopians;Franks;Gurjaras;Huns;Incas;Indians;Italians;Koreans;Magyars;Malians;Mongols;Poles;Saracens;Slavs;Tatars;Teutons;Vikings,Liereyy +58,0.3968
Liereyy,Nicov,Coast Arena;Gold Rush;Arabia,Coast Arena;Mediterranean;Gold Rush;Megarandom;Hideout,Coast Arena;Gold Rush,Atacama;Team Islands,Saracens(4g 75%);Ethiopians(3g 100%);Vietnamese(2g 50%),Ethiopians(3g 0%);Persians(3g 33%);Italians(3g 0%),Berbers;Britons;Bulgarians;Dravidians;Ethiopians;Franks;Goths;Gurjaras;Incas;Indians;Italians;Koreans;Magyars;Malians;Mongols;Saracens;Slavs;Tatars;Teutons;Vietnamese;Vikings,Liereyy +116,0.3092
Liereyy,Pete,Coast Arena;Gold Rush;Arabia,Atacama;Megarandom;Team Islands,,Atacama;Team Islands,Saracens(4g 75%);Ethiopians(3g 100%);Vietnamese(2g 50%),Gurjaras(5g 0%);Aztecs(4g 25%);Japanese(4g 25%),Aztecs;Berbers;Britons;Bulgarians;Byzantines;Cumans;Ethiopians;Franks;Goths;Gurjaras;Huns;Incas;Indians;Italians;Khmer;Malians;Mongols;Saracens;Sicilians;Slavs;Tatars;Teutons;Vietnamese;Vikings,Pete +140,0.3092
Liereyy,Sitaux,Coast Arena;Gold Rush;Arabia,Hill Fort;Serengeti;Atacama;Coast Arena,Coast Arena,Atacama;Team Islands,Saracens(4g 75%);Ethiopians(3g 100%);Vietnamese(2g 50%),Berbers(4g 50%);Byzantines(3g 33%);Japanese(3g 33%),Aztecs;Berbers;Britons;Bulgarians;Byzantines;Franks;Goths;Incas;Indians;Italians;Khmer;Koreans;Magyars;Malians;Mongols;Poles;Saracens;Sicilians;Slavs;Teutons;Vikings,Liereyy +14,0.4808
Liereyy,Spring,Coast Arena;Gold Rush;Arabia,Islands;Meadow;Arabia;Wade;Atacama,Arabia,Atacama;Team Islands,Saracens(4g 75%);Ethiopians(3g 100%);Vietnamese(2g 50%),Aztecs(5g 20%);Bulgarians(5g 20%);Koreans(4g 50%),Aztecs;Britons;Bulgarians;Byzantines;Cumans;Dravidians;Ethiopians;Franks;Goths;Huns;Incas;Italians;Khmer;Koreans;Magyars;Malians;Mongols;Saracens;Slavs;Tatars;Vietnamese;Vikings,Spring +68,0.3968
Liereyy,TaToH,Coast Arena;Gold Rush;Arabia,Team Islands;Gold Rush;Arabia;Wade;Meadow,Gold Rush;Arabia,Atacama;Team Islands,Saracens(4g 75%);Ethiopians(3g 100%);Vietnamese(2g 50%),Slavs(5g 60%);Khmer(5g 80%);Japanese(5g 40%),Britons;Byzantines;Dravidians;Ethiopians;Franks;Gurjaras;Huns;Incas;Italians;Khmer;Koreans;Magyars;Malians;Mongols;Poles;Slavs;Vietnamese;Vikings,Liereyy +62,0.3968
Liereyy,TheMax,Coast Arena;Gold Rush;Arabia,Acropolis;Islands;Gold Rush;Mediterranean;Cup,Gold Rush,Atacama;Team Islands,Saracens(4g 75%);Ethiopians(3g 100%);Vietnamese(2g 50%),Franks(5g 100%);Gurjaras(4g 50%);Lithuanians(4g 75%),Aztecs;Berbers;Britons;Byzantines;Cumans;Ethiopians;Franks;Goths;Gurjaras;Huns;Incas;Italians;Khmer;Magyars;Mongols;Slavs;Teutons;Vietnamese;Vikings,Liereyy +152,0.3092
Liereyy,TheViper,Coast Arena;Gold Rush;Arabia,Islands;Cup;Megarandom;Meadow;Hill Fort,,Atacama;Team Islands,Saracens(4g 75%);Ethiopians(3g 100%);Vietnamese(2g 50%),Persians(4g 75%);Khmer(4g 100%);Bulgarians(4g 75%),Aztecs;Berbers;Britons;Bulgarians;Cumans;Ethiopians;Goths;Gurjaras;Huns;Incas;Indians;Italians;Khmer;Koreans;Magyars;Malians;Mongols;Poles;Saracens;Tatars;Teutons,TheViper +55,0.3968
Liereyy,Valas,Coast Arena;Gold Rush;Arabia,Valley;Team Islands;Mediterranean;Steppe;Megarandom,,Atacama;Team Islands,Saracens(4g 75%);Ethiopians(3g 100%);Vietnamese(2g 50%),Malians(3g 33%);Tatars(3g 0%);Huns(3g 33%),Aztecs;Britons;Ethiopians;Franks;Goths;Gurjaras;Huns;Incas;Italians;Khmer;Koreans;Malians;Mongols;Poles;Saracens;Sicilians;Slavs;Tatars;Teutons;Vikings,Valas +76,0.3968
Liereyy,Villese,Coast Arena;Gold Rush;Arabia,Cliffbound;Islands;Megarandom;Atacama,,Atacama;Team Islands,Saracens(4g 75%);Ethiopians(3g 100%);Vietnamese(2g 50%),Huns(4g 25%);Khmer(3g 33%);Malay(3g 33%),Berbers;Bulgarians;Byzantines;Cumans;Dravidians;Ethiopians;Gurjaras;Huns;Indians;Italians;Khmer;Koreans;Magyars;Malians;Mongols;Poles;Saracens;Sicilians;Slavs;Teutons;Vietnamese;Vikings,Villese +40,0.4499
Liereyy,Vinchester,Coast Arena;Gold Rush;Arabia,Coast Arena;Cliffbound,Coast Arena,Atacama;Team Islands,Saracens(4g 75%);Ethiopians(3g 100%);Vietnamese(2g 50%),Huns(4g 75%);Vikings(3g 33%);Malians(3g 33%),Berbers;Byzantines;Cumans;Franks;Gurjaras;Huns;Italians;Magyars;Malians;Poles;Saracens;Slavs;Tatars;Teutons;Vietnamese;Vikings,Liereyy +57,0.3968
Mangonel,Mbla,Atacama;Hill Fort;Islands;Serengeti,Coast Arena;Islands;Wade;Team Islands,Islands,Valley;Mixed;Wade,Mongols(6g 50%);Vikings(4g 75%);Malay(4g 75%),Japanese(4g 25%);Britons(3g 33%);Malay(3g 33%),Aztecs;Berbers;Britons;Bulgarians;Chinese;Ethiopians;Franks;Goths;Gurjaras;Huns;Incas;Indians;Japanese;Khmer;Magyars;Malay;Malians;Mayans;Mongols;Poles;Portuguese;Saracens;Sicilians;Slavs;Spanish;Tatars;Vietnamese;Vikings,Mangonel +79,0.3968
Mangonel,Mr_Yo,Atacama;Hill Fort;Islands;Serengeti,Mixed;Hideout;Arabia;Meadow;Acropolis,,Valley;Mixed;Wade,Mongols(6g 50%);Vikings(4g 75%);Malay(4g 75%),Burgundians(4g 50%);Spanish(3g 33%);Bulgarians(3g 100%),Aztecs;Berbers;Britons;Bulgarians;Burgundians;Celts;Chinese;Ethiopians;Franks;Gurjaras;Huns;Incas;Indians;Japanese;Koreans;Magyars;Malay;Malians;Mayans;Mongols;Poles;Saracens;Slavs;Spanish;Tatars;Vikings,Mangonel +160,0.3092
Mangonel,Nicov,Atacama;Hill Fort;Islands;Serengeti,Coast Arena;Mediterranean;Gold Rush;Megarandom;Hideout,,Valley;Mixed;Wade,Mongols(6g 50%);Vikings(4g 75%);Malay(4g 75%),Ethiopians(3g 0%);Persians(3g 33%);Italians(3g 0%),Berbers;Britons;Bulgarians;Burgundians;Celts;Chinese;Ethiopians;Franks;Goths;Gurjaras;Incas;Indians;Japanese;Koreans;Magyars;Malay;Malians;Mayans;Mongols;Portuguese;Saracens;Slavs;Tatars;Turks;Vietnamese;Vikings,Mangonel +218,0.207
Mangonel,Pete,Atacama;Hill Fort;Islands;Serengeti,Atacama;Megarandom;Team Islands,Atacama,Valley;Mixed;Wade,Mongols(6g 50%);Vikings(4g 75%);Malay(4g 75%),Gurjaras(5g 0%);Aztecs(4g 25%);Japanese(4g 25%),Aztecs;Berbers;Britons;Bulgarians;Burgundians;Celts;Chinese;Ethiopians;Franks;Goths;Gurjaras;Huns;Incas;Indians;Japanese;Khmer;Malay;Malians;Mongols;Saracens;Sicilians;Slavs;Tatars;Turks;Vietnamese;Vikings,Pete +38,0.4499
Mangonel,Sitaux,Atacama;Hill Fort;Islands;Serengeti,Hill Fort;Serengeti;Atacama;Coast Arena,Atacama;Hill Fort;Serengeti,Valley;Mixed;Wade,Mongols(6g 50%);Vikings(4g 75%);Malay(4g 75%),Berbers(4g 50%);Byzantines(3g 33%);Japanese(3g 33%),Aztecs;Berbers;Britons;Bulgarians;Celts;Chinese;Franks;Goths;Incas;Indians;Japanese;Khmer;Koreans;Magyars;Malay;Malians;Mayans;Mongols;Poles;Saracens;Sicilians;Slavs;Spanish;Turks;Vikings,Mangonel +117,0.3092
Mangonel,Spring,Atacama;Hill Fort;Islands;Serengeti,Islands;Meadow;Arabia;Wade;Atacama,Atacama;Islands,Valley;Mixed;Wade,Mongols(6g 50%);Vikings(4g 75%);Malay(4g 75%),Aztecs(5g 20%);Bulgarians(5g 20%);Koreans(4g 50%),Aztecs;Britons;Bulgarians;Burgundians;Celts;Chinese;Ethiopians;Franks;Goths;Huns;Incas;Khmer;Koreans;Magyars;Malay;Malians;Mayans;Mongols;Portuguese;Saracens;Slavs;Spanish;Tatars;Turks;Vietnamese;Vikings,Mangonel +34,0.4499
Mangonel,TaToH,Atacama;Hill Fort;Islands;Serengeti,Team Islands;Gold Rush;Arabia;Wade;Meadow,,Valley;Mixed;Wade,Mongols(6g 50%);Vikings(4g 75%);Malay(4g 75%),Slavs(5g 60%);Khmer(5g 80%);Japanese(5g 40%),Britons;Burgundians;Celts;Chinese;Ethiopians;Franks;Gurjaras;Huns;Incas;Japanese;Khmer;Koreans;Magyars;Malay;Malians;Mayans;Mongols;Poles;Portuguese;Slavs;Spanish;Turks;Vietnamese;Vikings,Mangonel +165,0.3092
Mangonel,TheMax,Atacama;Hill Fort;Islands;Serengeti,Acropolis;Islands;Gold Rush;Mediterranean;Cup,Islands,Valley;Mixed;Wade,Mongols(6g 50%);Vikings(4g 75%);Malay(4g 75%),Franks(5g 100%);Gurjaras(4g 50%);Lithuanians(4g 75%),Aztecs;Berbers;Britons;Burgundians;Celts;Chinese;Ethiopians;Franks;Goths;Gurjaras;Huns;Incas;Japanese;Khmer;Magyars;Malay;Mayans;Mongols;Portuguese;Slavs;Spanish;Turks;Vietnamese;Vikings,Mangonel +255,0.207
Mangonel,TheViper,Atacama;Hill Fort;Islands;Serengeti,Islands;Cup;Megarandom;Meadow;Hill Fort,Hill Fort;Islands,Valley;Mixed;Wade,Mongols(6g 50%);Vikings(4g 75%);Malay(4g 75%),Persians(4g 75%);Khmer(4g 100%);Bulgarians(4g 75%),Aztecs;Berbers;Britons;Bulgarians;Burgundians;Celts;Chinese;Ethiopians;Goths;Gurjaras;Huns;Incas;Indians;Japanese;Khmer;Koreans;Magyars;Malay;Malians;Mayans;Mongols;Poles;Saracens;Tatars;Turks,Mangonel +48,0.4499
Mangonel,Valas,Atacama;Hill Fort;Islands;Serengeti,Valley;Team Islands;Mediterranean;Steppe;Megarandom,,Valley;Mixed;Wade,Mongols(6g 50%);Vikings(4g 75%);Malay(4g 75%),Malians(3g 33%);Tatars(3g 0%);Huns(3g 33%),Aztecs;Britons;Chinese;Ethiopians;Franks;Goths;Gurjaras;Huns;Incas;Japanese;Khmer;Koreans;Malay;Malians;Mongols;Poles;Portuguese;Saracens;Sicilians;Slavs;Spanish;Tatars;Turks;Vikings,Mangonel +26,0.4499
Mangonel,Villese,Atacama;Hill Fort;Islands;Serengeti,Cliffbound;Islands;Megarandom;Atacama,Atacama;Islands,Valley;Mixed;Wade,Mongols(6g 50%);Vikings(4g 75%);Malay(4g 75%),Huns(4g 25%);Khmer(3g 33%);Malay(3g 33%),Berbers;Bulgarians;Burgundians;Chinese;Ethiopians;Gurjaras;Huns;Indians;Japanese;Khmer;Koreans;Magyars;Malay;Malians;Mayans;Mongols;Poles;Portuguese;Saracens;Sicilians;Slavs;Spanish;Turks;Vietnamese;Vikings,Mangonel +63,0.3968
Mangonel,Vinchester,Atacama;Hill Fort;Islands;Serengeti,Coast Arena;Cliffbound,,Valley;Mixed;Wade,Mongols(6g 50%);Vikings(4g 75%);Malay(4g 75%),Huns(4g 75%);Vikings(3g 33%);Malians(3g 33%),Berbers;Burgundians;Chinese;Franks;Gurjaras;Huns;Magyars;Malians;Mayans;Poles;Portuguese;Saracens;Slavs;Spanish;Tatars;Turks;Vietnamese;Vikings,Mangonel +160,0.3092
Mbla,Mr_Yo,Coast Arena;Islands;Wade;Team Islands,Mixed;Hideout;Arabia;Meadow;Acropolis,,Hill Fort;Acropolis;Arabia;Cliffbound,Japanese(4g 25%);Britons(3g 33%);Malay(3g 33%),Burgundians(4g 50%);Spanish(3g 33%);Bulgarians(3g 100%),Aztecs;Berbers;Britons;Bulgarians;Chinese;Ethiopians;Franks;Gurjaras;Huns;Incas;Indians;Japanese;Lithuanians;Magyars;Malay;Malians;Mayans;Mongols;Poles;Saracens;Slavs;Spanish;Tatars;Teutons;Vikings,Mbla +82,0.3968
Mbla,Nicov,Coast Arena;Islands;Wade;Team Islands,Coast Arena;Mediterranean;Gold Rush;Megarandom;Hideout,Coast Arena,Hill Fort;Acropolis;Arabia;Cliffbound,Japanese(4g 25%);Britons(3g 33%);Malay(3g 33%),Ethiopians(3g 0%);Persians(3g 33%);Italians(3g 0%),Berbers;Britons;Bulgarians;Chinese;Ethiopians;Franks;Goths;Gurjaras;Incas;Indians;Japanese;Lithuanians;Magyars;Malay;Malians;Mayans;Mongols;Persians;Portuguese;Saracens;Slavs;Tatars;Teutons;Vietnamese;Vikings,Mbla +140,0.3092
Mbla,Pete,Coast Arena;Islands;Wade;Team Islands,Atacama;Megarandom;Team Islands,Team Islands,Hill Fort;Acropolis;Arabia;Cliffbound,Japanese(4g 25%);Britons(3g 33%);Malay(3g 33%),Gurjaras(5g 0%);Aztecs(4g 25%);Japanese(4g 25%),Aztecs;Berbers;Britons;Bulgarians;Chinese;Ethiopians;Franks;Goths;Gurjaras;Huns;Incas;Indians;Japanese;Khmer;Lithuanians;Malay;Malians;Mongols;Persians;Saracens;Sicilians;Slavs;Tatars;Teutons;Vietnamese;Vikings,Pete +116,0.3092
Mbla,Sitaux,Coast Arena;Islands;Wade;Team Islands,Hill Fort;Serengeti;Atacama;Coast Arena,Coast Arena,Hill Fort;Acropolis;Arabia;Cliffbound,Japanese(4g 25%);Britons(3g 33%);Malay(3g 33%),Berbers(4g 50%);Byzantines(3g 33%);Japanese(3g 33%),Aztecs;Berbers;Britons;Bulgarians;Chinese;Franks;Goths;Incas;Indians;Japanese;Khmer;Lithuanians;Magyars;Malay;Malians;Mayans;Mongols;Persians;Poles;Saracens;Sicilians;Slavs;Spanish;Teutons;Vikings,Mbla +39,0.4499
Mbla,Spring,Coast Arena;Islands;Wade;Team Islands,Islands;Meadow;Arabia;Wade;Atacama,Islands;Wade,Hill Fort;Acropolis;Arabia;Cliffbound,Japanese(4g 25%);Britons(3g 33%);Malay(3g 33%),Aztecs(5g 20%);Bulgarians(5g 20%);Koreans(4g 50%),Aztecs;Britons;Bulgarians;Chinese;Ethiopians;Franks;Goths;Huns;Incas;Khmer;Lithuanians;Magyars;Malay;Malians;Mayans;Mongols;Persians;Portuguese;Saracens;Slavs;Spanish;Tatars;Vietnamese;Vikings,Spring +44,0.4499
Mbla,TaToH,Coast Arena;Islands;Wade;Team Islands,Team Islands;Gold Rush;Arabia;Wade;Meadow,Wade;Team Islands,Hill Fort;Acropolis;Arabia;Cliffbound,Japanese(4g 25%);Britons(3g 33%);Malay(3g 33%),Slavs(5g 60%);Khmer(5g 80%);Japanese(5g 40%),Britons;Chinese;Ethiopians;Franks;Gurjaras;Huns;Incas;Japanese;Khmer;Magyars;Malay;Malians;Mayans;Mongols;Persians;Poles;Portuguese;Slavs;Spanish;Vietnamese;Vikings,Mbla +86,0.3968
Mbla,TheMax,Coast Arena;Islands;Wade;Team Islands,Acropolis;Islands;Gold Rush;Mediterranean;Cup,Islands,Hill Fort;Acropolis;Arabia;Cliffbound,Japanese(4g 25%);Britons(3g 33%);Malay(3g 33%),Franks(5g 100%);Gurjaras(4g 50%);Lithuanians(4g 75%),Aztecs;Berbers;Britons;Chinese;Ethiopians;Franks;Goths;Gurjaras;Huns;Incas;Japanese;Khmer;Lithuanians;Magyars;Malay;Mayans;Mongols;Portuguese;Slavs;Spanish;Teutons;Vietnamese;Vikings,Mbla +176,0.3092
Mbla,TheViper,Coast Arena;Islands;Wade;Team Islands,Islands;Cup;Megarandom;Meadow;Hill Fort,Islands,Hill Fort;Acropolis;Arabia;Cliffbound,Japanese(4g 25%);Britons(3g 33%);Malay(3g 33%),Persians(4g 75%);Khmer(4g 100%);Bulgarians(4g 75%),Aztecs;Berbers;Britons;Bulgarians;Chinese;Ethiopians;Goths;Gurjaras;Huns;Incas;Indians;Japanese;Khmer;Lithuanians;Magyars;Malay;Malians;Mayans;Mongols;Persians;Poles;Saracens;Tatars;Teutons,TheViper +31,0.4499
Mbla,Valas,Coast Arena;Islands;Wade;Team Islands,Valley;Team Islands;Mediterranean;Steppe;Megarandom,Team Islands,Hill Fort;Acropolis;Arabia;Cliffbound,Japanese(4g 25%);Britons(3g 33%);Malay(3g 33%),Malians(3g 33%);Tatars(3g 0%);Huns(3g 33%),Aztecs;Britons;Chinese;Ethiopians;Franks;Goths;Gurjaras;Huns;Incas;Japanese;Khmer;Lithuanians;Malay;Malians;Mongols;Poles;Portuguese;Saracens;Sicilians;Slavs;Spanish;Tatars;Teutons;Vikings,Valas +52,0.3968
Mbla,Villese,Coast Arena;Islands;Wade;Team Islands,Cliffbound;Islands;Megarandom;Atacama,Islands,Hill Fort;Acropolis;Arabia;Cliffbound,Japanese(4g 25%);Britons(3g 33%);Malay(3g 33%),Huns(4g 25%);Khmer(3g 33%);Malay(3g 33%),Berbers;Bulgarians;Chinese;Ethiopians;Gurjaras;Huns;Indians;Japanese;Khmer;Magyars;Malay;Malians;Mayans;Mongols;Persians;Poles;Portuguese;Saracens;Sicilians;Slavs;Spanish;Teutons;Vietnamese;Vikings,Villese +16,0.4808
Mbla,Vinchester,Coast Arena;Islands;Wade;Team Islands,Coast Arena;Cliffbound,Coast Arena,Hill Fort;Acropolis;Arabia;Cliffbound,Japanese(4g 25%);Britons(3g 33%);Malay(3g 33%),Huns(4g 75%);Vikings(3g 33%);Malians(3g 33%),Berbers;Chinese;Franks;Gurjaras;Huns;Magyars;Malians;Mayans;Poles;Portuguese;Saracens;Slavs;Spanish;Tatars;Teutons;Vietnamese;Vikings,Mbla +81,0.3968
Mr_Yo,Nicov,Mixed;Hideout;Arabia;Meadow;Acropolis,Coast Arena;Mediterranean;Gold Rush;Megarandom;Hideout,Hideout,Ghost Lake;Team Islands,Burgundians(4g 50%);Spanish(3g 33%);Bulgarians(3g 100%),Ethiopians(3g 0%);Persians(3g 33%);Italians(3g 0%),Berbers;Britons;Bulgarians;Burgundians;Celts;Chinese;Dravidians;Ethiopians;Franks;Gurjaras;Incas;Indians;Italians;Japanese;Koreans;Lithuanians;Magyars;Malay;Malians;Mayans;Mongols;Saracens;Slavs;Tatars;Teutons;Vikings,Mr_Yo +58,0.3968
Mr_Yo,Pete,Mixed;Hideout;Arabia;Meadow;Acropolis,Atacama;Megarandom;Team Islands,,Ghost Lake;Team Islands,Burgundians(4g 50%);Spanish(3g 33%);Bulgarians(3g 100%),Gurjaras(5g 0%);Aztecs(4g 25%);Japanese(4g 25%),Aztecs;Berbers;Britons;Bulgarians;Burgundians;Byzantines;Celts;Chinese;Cumans;Ethiopians;Franks;Gurjaras;Huns;Incas;Indians;Italians;Japanese;Lithuanians;Malay;Malians;Mongols;Saracens;Slavs;Tatars;Teutons;Vikings,Pete +198,0.3092
Mr_Yo,Sitaux,Mixed;Hideout;Arabia;Meadow;Acropolis,Hill Fort;Serengeti;Atacama;Coast Arena,,Ghost Lake;Team Islands,Burgundians(4g 50%);Spanish(3g 33%);Bulgarians(3g 100%),Berbers(4g 50%);Byzantines(3g 33%);Japanese(3g 33%),Aztecs;Berbers;Britons;Bulgarians;Byzantines;Celts;Chinese;Franks;Incas;Indians;Italians;Japanese;Koreans;Lithuanians;Magyars;Malay;Malians;Mayans;Mongols;Poles;Saracens;Slavs;Spanish;Teutons;Vikings,Sitaux +43,0.4499
Mr_Yo,Spring,Mixed;Hideout;Arabia;Meadow;Acropolis,Islands;Meadow;Arabia;Wade;Atacama,Arabia;Meadow,Ghost Lake;Team Islands,Burgundians(4g 50%);Spanish(3g 33%);Bulgarians(3g 100%),Aztecs(5g 20%);Bulgarians(5g 20%);Koreans(4g 50%),Aztecs;Britons;Bulgarians;Burgundians;Byzantines;Celts;Chinese;Cumans;Dravidians;Ethiopians;Franks;Huns;Incas;Italians;Koreans;Lithuanians;Magyars;Malay;Malians;Mayans;Mongols;Saracens;Slavs;Spanish;Tatars;Vikings,Spring +126,0.3092
Mr_Yo,TaToH,Mixed;Hideout;Arabia;Meadow;Acropolis,Team Islands;Gold Rush;Arabia;Wade;Meadow,Arabia;Meadow,Ghost Lake;Team Islands,Burgundians(4g 50%);Spanish(3g 33%);Bulgarians(3g 100%),Slavs(5g 60%);Khmer(5g 80%);Japanese(5g 40%),Britons;Burgundians;Byzantines;Celts;Chinese;Dravidians;Ethiopians;Franks;Gurjaras;Huns;Incas;Italians;Japanese;Koreans;Magyars;Malay;Malians;Mayans;Mongols;Poles;Slavs;Spanish;Vikings,Mr_Yo +5,0.4808
Mr_Yo,TheMax,Mixed;Hideout;Arabia;Meadow;Acropolis,Acropolis;Islands;Gold Rush;Mediterranean;Cup,Acropolis,Ghost Lake;Team Islands,Burgundians(4g 50%);Spanish(3g 33%);Bulgarians(3g 100%),Franks(5g 100%);Gurjaras(4g 50%);Lithuanians(4g 75%),Aztecs;Berbers;Britons;Burgundians;Byzantines;Celts;Chinese;Cumans;Ethiopians;Franks;Gurjaras;Huns;Incas;Italians;Japanese;Lithuanians;Magyars;Malay;Mayans;Mongols;Slavs;Spanish;Teutons;Vikings,Mr_Yo +94,0.3968
Mr_Yo,TheViper,Mixed;Hideout;Arabia;Meadow;Acropolis,Islands;Cup;Megarandom;Meadow;Hill Fort,Meadow,Ghost Lake;Team Islands,Burgundians(4g 50%);Spanish(3g 33%);Bulgarians(3g 100%),Persians(4g 75%);Khmer(4g 100%);Bulgarians(4g 75%),Aztecs;Berbers;Britons;Bulgarians;Burgundians;Celts;Chinese;Cumans;Ethiopians;Gurjaras;Huns;Incas;Indians;Italians;Japanese;Koreans;Lithuanians;Magyars;Malay;Malians;Mayans;Mongols;Poles;Saracens;Tatars;Teutons,TheViper +112,0.3092
Mr_Yo,Valas,Mixed;Hideout;Arabia;Meadow;Acropolis,Valley;Team Islands;Mediterranean;Steppe;Megarandom,,Ghost Lake;Team Islands,Burgundians(4g 50%);Spanish(3g 33%);Bulgarians(3g 100%),Malians(3g 33%);Tatars(3g 0%);Huns(3g 33%),Aztecs;Britons;Chinese;Ethiopians;Franks;Gurjaras;Huns;Incas;Italians;Japanese;Koreans;Lithuanians;Malay;Malians;Mongols;Poles;Saracens;Slavs;Spanish;Tatars;Teutons;Vikings,Valas +134,0.3092
Mr_Yo,Villese,Mixed;Hideout;Arabia;Meadow;Acropolis,Cliffbound;Islands;Megarandom;Atacama,,Ghost Lake;Team Islands,Burgundians(4g 50%);Spanish(3g 33%);Bulgarians(3g 100%),Huns(4g 25%);Khmer(3g 33%);Malay(3g 33%),Berbers;Bulgarians;Burgundians;Byzantines;Chinese;Cumans;Dravidians;Ethiopians;Gurjaras;Huns;Indians;Italians;Japanese;Koreans;Magyars;Malay;Malians;Mayans;Mongols;Poles;Saracens;Slavs;Spanish;Teutons;Vikings,Villese +97,0.3968
Mr_Yo,Vinchester,Mixed;Hideout;Arabia;Meadow;Acropolis,Coast Arena;Cliffbound,,Ghost Lake;Team Islands,Burgundians(4g 50%);Spanish(3g 33%);Bulgarians(3g 100%),Huns(4g 75%);Vikings(3g 33%);Malians(3g 33%),Berbers;Burgundians;Byzantines;Chinese;Cumans;Franks;Gurjaras;Huns;Italians;Magyars;Malians;Mayans;Poles;Saracens;Slavs;Spanish;Tatars;Teutons;Vikings,Vinchester +0,0.4808
Nicov,Pete,Coast Arena;Mediterranean;Gold Rush;Megarandom;Hideout,Atacama;Megarandom;Team Islands,Megarandom,Wade;Acropolis;Hill Fort;Islands;Cliffbound,Ethiopians(3g 0%);Persians(3g 33%);Italians(3g 0%),Gurjaras(5g 0%);Aztecs(4g 25%);Japanese(4g 25%),Berbers;Britons;Bulgarians;Burgundians;Celts;Chinese;Ethiopians;Franks;Goths;Gurjaras;Incas;Indians;Italians;Japanese;Lithuanians;Malay;Malians;Mongols;Persians;Saracens;Slavs;Tatars;Teutons;Turks;Vietnamese;Vikings,Pete +256,0.207
Nicov,Sitaux,Coast Arena;Mediterranean;Gold Rush;Megarandom;Hideout,Hill Fort;Serengeti;Atacama;Coast Arena,Coast Arena,Wade;Acropolis;Hill Fort;Islands;Cliffbound,Ethiopians(3g 0%);Persians(3g 33%);Italians(3g 0%),Berbers(4g 50%);Byzantines(3g 33%);Japanese(3g 33%),Berbers;Britons;Bulgarians;Celts;Chinese;Franks;Goths;Incas;Indians;Italians;Japanese;Koreans;Lithuanians;Magyars;Malay;Malians;Mayans;Mongols;Persians;Saracens;Slavs;Teutons;Turks;Vikings,Sitaux +101,0.3092
Nicov,Spring,Coast Arena;Mediterranean;Gold Rush;Megarandom;Hideout,Islands;Meadow;Arabia;Wade;Atacama,,Wade;Acropolis;Hill Fort;Islands;Cliffbound,Ethiopians(3g 0%);Persians(3g 33%);Italians(3g 0%),Aztecs(5g 20%);Bulgarians(5g 20%);Koreans(4g 50%),Britons;Bulgarians;Burgundians;Celts;Chinese;Dravidians;Ethiopians;Franks;Goths;Incas;Italians;Koreans;Lithuanians;Magyars;Malay;Malians;Mayans;Mongols;Persians;Portuguese;Saracens;Slavs;Tatars;Turks;Vietnamese;Vikings,Spring +184,0.3092
Nicov,TaToH,Coast Arena;Mediterranean;Gold Rush;Megarandom;Hideout,Team Islands;Gold Rush;Arabia;Wade;Meadow,Gold Rush,Wade;Acropolis;Hill Fort;Islands;Cliffbound,Ethiopians(3g 0%);Persians(3g 33%);Italians(3g 0%),Slavs(5g 60%);Khmer(5g 80%);Japanese(5g 40%),Britons;Burgundians;Celts;Chinese;Dravidians;Ethiopians;Franks;Gurjaras;Incas;Italians;Japanese;Koreans;Magyars;Malay;Malians;Mayans;Mongols;Persians;Portuguese;Slavs;Turks;Vietnamese;Vikings,TaToH +54,0.3968
Nicov,TheMax,Coast Arena;Mediterranean;Gold Rush;Megarandom;Hideout,Acropolis;Islands;Gold Rush;Mediterranean;Cup,Mediterranean;Gold Rush,Wade;Acropolis;Hill Fort;Islands;Cliffbound,Ethiopians(3g 0%);Persians(3g 33%);Italians(3g 0%),Franks(5g 100%);Gurjaras(4g 50%);Lithuanians(4g 75%),Berbers;Britons;Burgundians;Celts;Chinese;Ethiopians;Franks;Goths;Gurjaras;Incas;Italians;Japanese;Lithuanians;Magyars;Malay;Mayans;Mongols;Portuguese;Slavs;Teutons;Turks;Vietnamese;Vikings,Nicov +36,0.4499
Nicov,TheViper,Coast Arena;Mediterranean;Gold Rush;Megarandom;Hideout,Islands;Cup;Megarandom;Meadow;Hill Fort,Megarandom,Wade;Acropolis;Hill Fort;Islands;Cliffbound,Ethiopians(3g 0%);Persians(3g 33%);Italians(3g 0%),Persians(4g 75%);Khmer(4g 100%);Bulgarians(4g 75%),Berbers;Britons;Bulgarians;Burgundians;Celts;Chinese;Ethiopians;Goths;Gurjaras;Incas;Indians;Italians;Japanese;Koreans;Lithuanians;Magyars;Malay;Malians;Mayans;Mongols;Persians;Saracens;Tatars;Teutons;Turks,TheViper +171,0.3092
Nicov,Valas,Coast Arena;Mediterranean;Gold Rush;Megarandom;Hideout,Valley;Team Islands;Mediterranean;Steppe;Megarandom,Mediterranean;Megarandom,Wade;Acropolis;Hill Fort;Islands;Cliffbound,Ethiopians(3g 0%);Persians(3g 33%);Italians(3g 0%),Malians(3g 33%);Tatars(3g 0%);Huns(3g 33%),Britons;Chinese;Ethiopians;Franks;Goths;Gurjaras;Incas;Italians;Japanese;Koreans;Lithuanians;Malay;Malians;Mongols;Portuguese;Saracens;Slavs;Tatars;Teutons;Turks;Vikings,Valas +192,0.3092
Nicov,Villese,Coast Arena;Mediterranean;Gold Rush;Megarandom;Hideout,Cliffbound;Islands;Megarandom;Atacama,Megarandom,Wade;Acropolis;Hill Fort;Islands;Cliffbound,Ethiopians(3g 0%);Persians(3g 33%);Italians(3g 0%),Huns(4g 25%);Khmer(3g 33%);Malay(3g 33%),Berbers;Bulgarians;Burgundians;Chinese;Dravidians;Ethiopians;Gurjaras;Indians;Italians;Japanese;Koreans;Magyars;Malay;Malians;Mayans;Mongols;Persians;Portuguese;Saracens;Slavs;Teutons;Turks;Vietnamese;Vikings,Villese +156,0.3092
Nicov,Vinchester,Coast Arena;Mediterranean;Gold Rush;Megarandom;Hideout,Coast Arena;Cliffbound,Coast Arena,Wade;Acropolis;Hill Fort;Islands;Cliffbound,Ethiopians(3g 0%);Persians(3g 33%);Italians(3g 0%),Huns(4g 75%);Vikings(3g 33%);Malians(3g 33%),Berbers;Burgundians;Chinese;Franks;Gurjaras;Italians;Magyars;Malians;Mayans;Portuguese;Saracens;Slavs;Tatars;Teutons;Turks;Vietnamese;Vikings,Vinchester +59,0.3968
Pete,Sitaux,Atacama;Megarandom;Team Islands,Hill Fort;Serengeti;Atacama;Coast Arena,Atacama,Coast Arena;Mediterranean;Islands,Gurjaras(5g 0%);Aztecs(4g 25%);Japanese(4g 25%),Berbers(4g 50%);Byzantines(3g 33%);Japanese(3g 33%),Aztecs;Berbers;Britons;Bulgarians;Byzantines;Celts;Chinese;Franks;Goths;Incas;Indians;Italians;Japanese;Khmer;Lithuanians;Malay;Malians;Mongols;Persians;Saracens;Sicilians;Slavs;Teutons;Turks;Vikings,Pete +155,0.3092
Pete,Spring,Atacama;Megarandom;Team Islands,Islands;Meadow;Arabia;Wade;Atacama,Atacama,Coast Arena;Mediterranean;Islands,Gurjaras(5g 0%);Aztecs(4g 25%);Japanese(4g 25%),Aztecs(5g 20%);Bulgarians(5g 20%);Koreans(4g 50%),Aztecs;Britons;Bulgarians;Burgundians;Byzantines;Celts;Chinese;Cumans;Ethiopians;Franks;Goths;Huns;Incas;Italians;Khmer;Lithuanians;Malay;Malians;Mongols;Persians;Saracens;Slavs;Tatars;Turks;Vietnamese;Vikings,Pete +72,0.3968
Pete,TaToH,Atacama;Megarandom;Team Islands,Team Islands;Gold Rush;Arabia;Wade;Meadow,Team Islands,Coast Arena;Mediterranean;Islands,Gurjaras(5g 0%);Aztecs(4g 25%);Japanese(4g 25%),Slavs(5g 60%);Khmer(5g 80%);Japanese(5g 40%),Britons;Burgundians;Byzantines;Celts;Chinese;Ethiopians;Franks;Gurjaras;Huns;Incas;Italians;Japanese;Khmer;Malay;Malians;Mongols;Persians;Slavs;Turks;Vietnamese;Vikings,Pete +203,0.207
Pete,TheMax,Atacama;Megarandom;Team Islands,Acropolis;Islands;Gold Rush;Mediterranean;Cup,,Coast Arena;Mediterranean;Islands,Gurjaras(5g 0%);Aztecs(4g 25%);Japanese(4g 25%),Franks(5g 100%);Gurjaras(4g 50%);Lithuanians(4g 75%),Aztecs;Berbers;Britons;Burgundians;Byzantines;Celts;Chinese;Cumans;Ethiopians;Franks;Goths;Gurjaras;Huns;Incas;Italians;Japanese;Khmer;Lithuanians;Malay;Mongols;Slavs;Teutons;Turks;Vietnamese;Vikings,Pete +292,0.207
Pete,TheViper,Atacama;Megarandom;Team Islands,Islands;Cup;Megarandom;Meadow;Hill Fort,Megarandom,Coast Arena;Mediterranean;Islands,Gurjaras(5g 0%);Aztecs(4g 25%);Japanese(4g 25%),Persians(4g 75%);Khmer(4g 100%);Bulgarians(4g 75%),Aztecs;Berbers;Britons;Bulgarians;Burgundians;Celts;Chinese;Cumans;Ethiopians;Goths;Gurjaras;Huns;Incas;Indians;Italians;Japanese;Khmer;Lithuanians;Malay;Malians;Mongols;Persians;Saracens;Tatars;Teutons;Turks,Pete +86,0.3968
Pete,Valas,Atacama;Megarandom;Team Islands,Valley;Team Islands;Mediterranean;Steppe;Megarandom,Megarandom;Team Islands,Coast Arena;Mediterranean;Islands,Gurjaras(5g 0%);Aztecs(4g 25%);Japanese(4g 25%),Malians(3g 33%);Tatars(3g 0%);Huns(3g 33%),Aztecs;Britons;Chinese;Ethiopians;Franks;Goths;Gurjaras;Huns;Incas;Italians;Japanese;Khmer;Lithuanians;Malay;Malians;Mongols;Saracens;Sicilians;Slavs;Tatars;Teutons;Turks;Vikings,Pete +64,0.3968
Pete,Villese,Atacama;Megarandom;Team Islands,Cliffbound;Islands;Megarandom;Atacama,Atacama;Megarandom,Coast Arena;Mediterranean;Islands,Gurjaras(5g 0%);Aztecs(4g 25%);Japanese(4g 25%),Huns(4g 25%);Khmer(3g 33%);Malay(3g 33%),Berbers;Bulgarians;Burgundians;Byzantines;Chinese;Cumans;Ethiopians;Gurjaras;Huns;Indians;Italians;Japanese;Khmer;Malay;Malians;Mongols;Persians;Saracens;Sicilians;Slavs;Teutons;Turks;Vietnamese;Vikings,Pete +101,0.3092
Pete,Vinchester,Atacama;Megarandom;Team Islands,Coast Arena;Cliffbound,,Coast Arena;Mediterranean;Islands,Gurjaras(5g 0%);Aztecs(4g 25%);Japanese(4g 25%),Huns(4g 75%);Vikings(3g 33%);Malians(3g 33%),Berbers;Burgundians;Byzantines;Chinese;Cumans;Franks;Gurjaras;Huns;Italians;Malians;Saracens;Slavs;Tatars;Teutons;Turks;Vietnamese;Vikings,Pete +198,0.3092
Sitaux,Spring,Hill Fort;Serengeti;Atacama;Coast Arena,Islands;Meadow;Arabia;Wade;Atacama,Atacama,Meadow;Arabia;Team Islands;Islands,Berbers(4g 50%);Byzantines(3g 33%);Japanese(3g 33%),Aztecs(5g 20%);Bulgarians(5g 20%);Koreans(4g 50%),Aztecs;Britons;Bulgarians;Byzantines;Celts;Chinese;Franks;Goths;Incas;Italians;Khmer;Koreans;Lithuanians;Magyars;Malay;Malians;Mayans;Mongols;Persians;Saracens;Slavs;Spanish;Turks;Vikings,Spring +83,0.3968
Sitaux,TaToH,Hill Fort;Serengeti;Atacama;Coast Arena,Team Islands;Gold Rush;Arabia;Wade;Meadow,,Meadow;Arabia;Team Islands;Islands,Berbers(4g 50%);Byzantines(3g 33%);Japanese(3g 33%),Slavs(5g 60%);Khmer(5g 80%);Japanese(5g 40%),Britons;Byzantines;Celts;Chinese;Franks;Incas;Italians;Japanese;Khmer;Koreans;Magyars;Malay;Malians;Mayans;Mongols;Persians;Poles;Slavs;Spanish;Turks;Vikings,Sitaux +48,0.4499
Sitaux,TheMax,Hill Fort;Serengeti;Atacama;Coast Arena,Acropolis;Islands;Gold Rush;Mediterranean;Cup,,Meadow;Arabia;Team Islands;Islands,Berbers(4g 50%);Byzantines(3g 33%);Japanese(3g 33%),Franks(5g 100%);Gurjaras(4g 50%);Lithuanians(4g 75%),Aztecs;Berbers;Britons;Byzantines;Celts;Chinese;Franks;Goths;Incas;Italians;Japanese;Khmer;Lithuanians;Magyars;Malay;Mayans;Mongols;Slavs;Spanish;Teutons;Turks;Vikings,Sitaux +137,0.3092
Sitaux,TheViper,Hill Fort;Serengeti;Atacama;Coast Arena,Islands;Cup;Megarandom;Meadow;Hill Fort,Hill Fort,Meadow;Arabia;Team Islands;Islands,Berbers(4g 50%);Byzantines(3g 33%);Japanese(3g 33%),Persians(4g 75%);Khmer(4g 100%);Bulgarians(4g 75%),Aztecs;Berbers;Britons;Bulgarians;Celts;Chinese;Goths;Incas;Indians;Italians;Japanese;Khmer;Koreans;Lithuanians;Magyars;Malay;Malians;Mayans;Mongols;Persians;Poles;Saracens;Teutons;Turks,TheViper +69,0.3968
Sitaux,Valas,Hill Fort;Serengeti;Atacama;Coast Arena,Valley;Team Islands;Mediterranean;Steppe;Megarandom,,Meadow;Arabia;Team Islands;Islands,Berbers(4g 50%);Byzantines(3g 33%);Japanese(3g 33%),Malians(3g 33%);Tatars(3g 0%);Huns(3g 33%),Aztecs;Britons;Chinese;Franks;Goths;Incas;Italians;Japanese;Khmer;Koreans;Lithuanians;Malay;Malians;Mongols;Poles;Saracens;Sicilians;Slavs;Spanish;Teutons;Turks;Vikings,Valas +91,0.3968
Sitaux,Villese,Hill Fort;Serengeti;Atacama;Coast Arena,Cliffbound;Islands;Megarandom;Atacama,Atacama,Meadow;Arabia;Team Islands;Islands,Berbers(4g 50%);Byzantines(3g 33%);Japanese(3g 33%),Huns(4g 25%);Khmer(3g 33%);Malay(3g 33%),Berbers;Bulgarians;Byzantines;Chinese;Indians;Italians;Japanese;Khmer;Koreans;Magyars;Malay;Malians;Mayans;Mongols;Persians;Poles;Saracens;Sicilians;Slavs;Spanish;Teutons;Turks;Vikings,Villese +54,0.3968
Sitaux,Vinchester,Hill Fort;Serengeti;Atacama;Coast Arena,Coast Arena;Cliffbound,Coast Arena,Meadow;Arabia;Team Islands;Islands,Berbers(4g 50%);Byzantines(3g 33%);Japanese(3g 33%),Huns(4g 75%);Vikings(3g 33%);Malians(3g 33%),Berbers;Byzantines;Chinese;Franks;Italians;Magyars;Malians;Mayans;Poles;Saracens;Slavs;Spanish;Teutons;Turks;Vikings,Sitaux +43,0.4499
Spring,TaToH,Islands;Meadow;Arabia;Wade;Atacama,Team Islands;Gold Rush;Arabia;Wade;Meadow,Meadow;Arabia;Wade,Cliffbound;Hill Fort,Aztecs(5g 20%);Bulgarians(5g 20%);Koreans(4g 50%),Slavs(5g 60%);Khmer(5g 80%);Japanese(5g 40%),Britons;Burgundians;Byzantines;Celts;Chinese;Dravidians;Ethiopians;Franks;Huns;Incas;Italians;Khmer;Koreans;Magyars;Malay;Malians;Mayans;Mongols;Persians;Portuguese;Slavs;Spanish;Turks;Vietnamese;Vikings,Spring +130,0.3092
Spring,TheMax,Islands;Meadow;Arabia;Wade;Atacama,Acropolis;Islands;Gold Rush;Mediterranean;Cup,Islands,Cliffbound;Hill Fort,Aztecs(5g 20%);Bulgarians(5g 20%);Koreans(4g 50%),Franks(5g 100%);Gurjaras(4g 50%);Lithuanians(4g 75%),Aztecs;Britons;Burgundians;Byzantines;Celts;Chinese;Cumans;Ethiopians;Franks;Goths;Huns;Incas;Italians;Khmer;Lithuanians;Magyars;Malay;Mayans;Mongols;Portuguese;Slavs;Spanish;Turks;Vietnamese;Vikings,Spring +220,0.207
Spring,TheViper,Islands;Meadow;Arabia;Wade;Atacama,Islands;Cup;Megarandom;Meadow;Hill Fort,Islands;Meadow,Cliffbound;Hill Fort,Aztecs(5g 20%);Bulgarians(5g 20%);Koreans(4g 50%),Persians(4g 75%);Khmer(4g 100%);Bulgarians(4g 75%),Aztecs;Britons;Bulgarians;Burgundians;Celts;Chinese;Cumans;Ethiopians;Goths;Huns;Incas;Italians;Khmer;Koreans;Lithuanians;Magyars;Malay;Malians;Mayans;Mongols;Persians;Saracens;Tatars;Turks,Spring +13,0.4808
Spring,Valas,Islands;Meadow;Arabia;Wade;Atacama,Valley;Team Islands;Mediterranean;Steppe;Megarandom,,Cliffbound;Hill Fort,Aztecs(5g 20%);Bulgarians(5g 20%);Koreans(4g 50%),Malians(3g 33%);Tatars(3g 0%);Huns(3g 33%),Aztecs;Britons;Chinese;Ethiopians;Franks;Goths;Huns;Incas;Italians;Khmer;Koreans;Lithuanians;Malay;Malians;Mongols;Portuguese;Saracens;Slavs;Spanish;Tatars;Turks;Vikings,Valas +8,0.4808
Spring,Villese,Islands;Meadow;Arabia;Wade;Atacama,Cliffbound;Islands;Megarandom;Atacama,Islands;Atacama,Cliffbound;Hill Fort,Aztecs(5g 20%);Bulgarians(5g 20%);Koreans(4g 50%),Huns(4g 25%);Khmer(3g 33%);Malay(3g 33%),Bulgarians;Burgundians;Byzantines;Chinese;Cumans;Dravidians;Ethiopians;Huns;Italians;Khmer;Koreans;Magyars;Malay;Malians;Mayans;Mongols;Persians;Portuguese;Saracens;Slavs;Spanish;Turks;Vietnamese;Vikings,Spring +28,0.4499
Spring,Vinchester,Islands;Meadow;Arabia;Wade;Atacama,Coast Arena;Cliffbound,,Cliffbound;Hill Fort,Aztecs(5g 20%);Bulgarians(5g 20%);Koreans(4g 50%),Huns(4g 75%);Vikings(3g 33%);Malians(3g 33%),Burgundians;Byzantines;Chinese;Cumans;Franks;Huns;Italians;Magyars;Malians;Mayans;Portuguese;Saracens;Slavs;Spanish;Tatars;Turks;Vietnamese;Vikings,Spring +125,0.3092
TaToH,TheMax,Team Islands;Gold Rush;Arabia;Wade;Meadow,Acropolis;Islands;Gold Rush;Mediterranean;Cup,Gold Rush,Coast Arena;Islands;Ghost Lake,Slavs(5g 60%);Khmer(5g 80%);Japanese(5g 40%),Franks(5g 100%);Gurjaras(4g 50%);Lithuanians(4g 75%),Britons;Burgundians;Byzantines;Celts;Chinese;Ethiopians;Franks;Gurjaras;Huns;Incas;Italians;Japanese;Khmer;Magyars;Malay;Mayans;Mongols;Portuguese;Slavs;Spanish;Turks;Vietnamese;Vikings,TaToH +90,0.3968
TaToH,TheViper,Team Islands;Gold Rush;Arabia;Wade;Meadow,Islands;Cup;Megarandom;Meadow;Hill Fort,Meadow,Coast Arena;Islands;Ghost Lake,Slavs(5g 60%);Khmer(5g 80%);Japanese(5g 40%),Persians(4g 75%);Khmer(4g 100%);Bulgarians(4g 75%),Britons;Burgundians;Celts;Chinese;Ethiopians;Gurjaras;Huns;Incas;Italians;Japanese;Khmer;Koreans;Magyars;Malay;Malians;Mayans;Mongols;Persians;Poles;Turks,TheViper +117,0.3092
TaToH,Valas,Team Islands;Gold Rush;Arabia;Wade;Meadow,Valley;Team Islands;Mediterranean;Steppe;Megarandom,Team Islands,Coast Arena;Islands;Ghost Lake,Slavs(5g 60%);Khmer(5g 80%);Japanese(5g 40%),Malians(3g 33%);Tatars(3g 0%);Huns(3g 33%),Britons;Chinese;Ethiopians;Franks;Gurjaras;Huns;Incas;Italians;Japanese;Khmer;Koreans;Malay;Malians;Mongols;Poles;Portuguese;Slavs;Spanish;Turks;Vikings,Valas +139,0.3092
TaToH,Villese,Team Islands;Gold Rush;Arabia;Wade;Meadow,Cliffbound;Islands;Megarandom;Atacama,,Coast Arena;Islands;Ghost Lake,Slavs(5g 60%);Khmer(5g 80%);Japanese(5g 40%),Huns(4g 25%);Khmer(3g 33%);Malay(3g 33%),Burgundians;Byzantines;Chinese;Dravidians;Ethiopians;Gurjaras;Huns;Italians;Japanese;Khmer;Koreans;Magyars;Malay;Malians;Mayans;Mongols;Persians;Poles;Portuguese;Slavs;Spanish;Turks;Vietnamese;Vikings,Villese +102,0.3092
TaToH,Vinchester,Team Islands;Gold Rush;Arabia;Wade;Meadow,Coast Arena;Cliffbound,,Coast Arena;Islands;Ghost Lake,Slavs(5g 60%);Khmer(5g 80%);Japanese(5g 40%),Huns(4g 75%);Vikings(3g 33%);Malians(3g 33%),Burgundians;Byzantines;Chinese;Franks;Gurjaras;Huns;Italians;Magyars;Malians;Mayans;Poles;Portuguese;Slavs;Spanish;Turks;Vietnamese;Vikings,Vinchester +5,0.4808
TheMax,TheViper,Acropolis;Islands;Gold Rush;Mediterranean;Cup,Islands;Cup;Megarandom;Meadow;Hill Fort,Islands;Cup,Coast Arena;Atacama,Franks(5g 100%);Gurjaras(4g 50%);Lithuanians(4g 75%),Persians(4g 75%);Khmer(4g 100%);Bulgarians(4g 75%),Aztecs;Berbers;Britons;Burgundians;Celts;Chinese;Cumans;Ethiopians;Goths;Gurjaras;Huns;Incas;Italians;Japanese;Khmer;Lithuanians;Magyars;Malay;Mayans;Mongols;Teutons;Turks,TheViper +207,0.207
TheMax,Valas,Acropolis;Islands;Gold Rush;Mediterranean;Cup,Valley;Team Islands;Mediterranean;Steppe;Megarandom,Mediterranean,Coast Arena;Atacama,Franks(5g 100%);Gurjaras(4g 50%);Lithuanians(4g 75%),Malians(3g 33%);Tatars(3g 0%);Huns(3g 33%),Aztecs;Britons;Chinese;Ethiopians;Franks;Goths;Gurjaras;Huns;Incas;Italians;Japanese;Khmer;Lithuanians;Malay;Mongols;Portuguese;Slavs;Spanish;Teutons;Turks;Vikings,Valas +228,0.207
TheMax,Villese,Acropolis;Islands;Gold Rush;Mediterranean;Cup,Cliffbound;Islands;Megarandom;Atacama,Islands,Coast Arena;Atacama,Franks(5g 100%);Gurjaras(4g 50%);Lithuanians(4g 75%),Huns(4g 25%);Khmer(3g 33%);Malay(3g 33%),Berbers;Burgundians;Byzantines;Chinese;Cumans;Ethiopians;Gurjaras;Huns;Italians;Japanese;Khmer;Magyars;Malay;Mayans;Mongols;Portuguese;Slavs;Spanish;Teutons;Turks;Vietnamese;Vikings,Villese +192,0.3092
TheMax,Vinchester,Acropolis;Islands;Gold Rush;Mediterranean;Cup,Coast Arena;Cliffbound,,Coast Arena;Atacama,Franks(5g 100%);Gurjaras(4g 50%);Lithuanians(4g 75%),Huns(4g 75%);Vikings(3g 33%);Malians(3g 33%),Berbers;Burgundians;Byzantines;Chinese;Cumans;Franks;Gurjaras;Huns;Italians;Magyars;Mayans;Portuguese;Slavs;Spanish;Teutons;Turks;Vietnamese;Vikings,Vinchester +95,0.3968
TheViper,Valas,Islands;Cup;Megarandom;Meadow;Hill Fort,Valley;Team Islands;Mediterranean;Steppe;Megarandom,Megarandom,Steppe;Mixed;Serengeti;Wade,Persians(4g 75%);Khmer(4g 100%);Bulgarians(4g 75%),Malians(3g 33%);Tatars(3g 0%);Huns(3g 33%),Aztecs;Britons;Chinese;Ethiopians;Goths;Gurjaras;Huns;Incas;Italians;Japanese;Khmer;Koreans;Lithuanians;Malay;Malians;Mongols;Poles;Saracens;Tatars;Teutons;Turks,Valas +21,0.4808
TheViper,Villese,Islands;Cup;Megarandom;Meadow;Hill Fort,Cliffbound;Islands;Megarandom;Atacama,Islands;Megarandom,Steppe;Mixed;Serengeti;Wade,Persians(4g 75%);Khmer(4g 100%);Bulgarians(4g 75%),Huns(4g 25%);Khmer(3g 33%);Malay(3g 33%),Berbers;Bulgarians;Burgundians;Chinese;Cumans;Ethiopians;Gurjaras;Huns;Indians;Italians;Japanese;Khmer;Koreans;Magyars;Malay;Malians;Mayans;Mongols;Persians;Poles;Saracens;Teutons;Turks,TheViper +15,0.4808
TheViper,Vinchester,Islands;Cup;Megarandom;Meadow;Hill Fort,Coast Arena;Cliffbound,,Steppe;Mixed;Serengeti;Wade,Persians(4g 75%);Khmer(4g 100%);Bulgarians(4g 75%),Huns(4g 75%);Vikings(3g 33%);Malians(3g 33%),Berbers;Burgundians;Chinese;Cumans;Gurjaras;Huns;Italians;Magyars;Malians;Mayans;Poles;Saracens;Tatars;Teutons;Turks,TheViper +112,0.3092
Valas,Villese,Valley;Team Islands;Mediterranean;Steppe;Megarandom,Cliffbound;Islands;Megarandom;Atacama,Megarandom,Meadow;Atacama;Arabia,Malians(3g 33%);Tatars(3g 0%);Huns(3g 33%),Huns(4g 25%);Khmer(3g 33%);Malay(3g 33%),Chinese;Ethiopians;Gurjaras;Huns;Italians;Japanese;Khmer;Koreans;Malay;Malians;Mongols;Poles;Portuguese;Saracens;Sicilians;Slavs;Spanish;Teutons;Turks;Vikings,Valas +37,0.4499
Valas,Vinchester,Valley;Team Islands;Mediterranean;Steppe;Megarandom,Coast Arena;Cliffbound,,Meadow;Atacama;Arabia,Malians(3g 33%);Tatars(3g 0%);Huns(3g 33%),Huns(4g 75%);Vikings(3g 33%);Malians(3g 33%),Chinese;Franks;Gurjaras;Huns;Italians;Malians;Poles;Portuguese;Saracens;Slavs;Spanish;Tatars;Teutons;Turks;Vikings,Valas +133,0.3092
Villese,Vinchester,Cliffbound;Islands;Megarandom;Atacama,Coast Arena;Cliffbound,Cliffbound,Gold Rush;Coast Arena;Meadow;Serengeti;Mixed,Huns(4g 25%);Khmer(3g 33%);Malay(3g 33%),Huns(4g 75%);Vikings(3g 33%);Malians(3g 33%),Berbers;Burgundians;Byzantines;Chinese;Cumans;Gurjaras;Huns;Italians;Magyars;Malians;Mayans;Poles;Portuguese;Saracens;Slavs;Spanish;Teutons;Turks;Vietnamese;Vikings,Villese +97,0.3968
